"Adresse","Type de contenu","Code HTTP","Statut","Indexabilité","Statut d'indexabilité","Liens entrants","Temps de réponse","URL de redirection","Type de redirection"
"https://www.casapy.com/","text/html; charset=UTF-8","200","OK","Indexable","","216","3,465","",""
"https://www.casapy.com/wp-content/uploads/2026/01/xts-header_767540-1769159373.css?ver=7.5.1","text/css","200","OK","Indexable","","0","0,094","",""
"https://www.casapy.com/wp-content/plugins/woocommerce/assets/js/frontend/order-attribution.min.js?ver=10.5.1","application/javascript","200","OK","Indexable","","0","0,116","",""
"https://www.casapy.com/wp-content/plugins/elementor/assets/lib/swiper/v8/swiper.min.js?ver=8.4.5","application/javascript","200","OK","Indexable","","0","0,130","",""
"https://fonts.googleapis.com/css?family=Poppins%3A400%2C600%2C500%2C700|Lato%3A400%2C700%2C300&ver=7.5.1","text/css; charset=utf-8","200","OK","Indexable","","0","0,013","",""
"https://www.casapy.com/wp-includes/js/imagesloaded.min.js?ver=5.0.0","application/javascript","200","OK","Indexable","","0","0,070","",""
"https://www.casapy.com/wp-content/uploads/2026/01/B000495_CASAPY_VEGA_XL_LINCOLN_TERRA_AMB3-430x430.jpg","image/jpeg","200","OK","Indexable","","0","0,088","",""
"https://www.casapy.com/wp-content/themes/woodmart/css/parts/widget-nav.min.css?ver=7.5.1","text/css","200","OK","Indexable","","0","0,097","",""
"https://www.casapy.com/wp-content/themes/woodmart/css/parts/woo-product-loop-alt.min.css?ver=7.5.1","text/css","200","OK","Indexable","","0","0,110","",""
"https://www.casapy.com/wp-content/plugins/woo-stripe-payment/assets/js/frontend/wc-stripe.min.js?ver=3.3.101","application/javascript","200","OK","Indexable","","0","0,092","",""
"https://www.pinterest.com/pin/create/button/?description=VEGA%20Portland%20–%20convertible%20Taille%20S%20(3%20places)%20251×100&url=https://www.casapy.com/produit/vega-portland-convertible-taille-s-3-places-251x100/&media=https://www.casapy.com/wp-content/uploads/2026/01/CASAPY-VEGA-S-CV3-PORTLAND-MARINE-AMB-1.jpg","","0","Bloqué par robots.txt","Non indexable","Bloqué par robots.txt","15","","",""
"https://www.casapy.com/wp-content/plugins/devvn-image-hotspot/frontend/js/maps_points.js?ver=1.3.0","application/javascript","200","OK","Indexable","","0","0,079","",""
"https://www.casapy.com/wp-content/uploads/2026/01/B000356__CASAPY_VEGA_L_LINCOLN_KAKI_AMB2.jpg","image/jpeg","200","OK","Indexable","","1","0,086","",""
"https://www.casapy.com/wp-content/themes/woodmart/js/scripts/global/btnsToolTips.min.js?ver=7.5.1","application/javascript","200","OK","Indexable","","0","0,104","",""
"https://www.casapy.com/wp-content/plugins/elementor/assets/lib/swiper/v8/css/swiper.min.css?ver=8.4.5","text/css","200","OK","Indexable","","0","0,113","",""
"https://www.casapy.com/wp-content/themes/woodmart/css/parts/header-base.min.css?ver=7.5.1","text/css","200","OK","Indexable","","0","0,108","",""
"https://www.casapy.com/wp-content/themes/woodmart/css/parts/mod-highlighted-text.min.css?ver=7.5.1","text/css","200","OK","Indexable","","0","0,097","",""
"https://ct.pinterest.com/v3/?tid=2613085494397&noscript=1","","0","Bloqué par robots.txt","Non indexable","Bloqué par robots.txt","0","","",""
"https://www.casapy.com/wp-content/uploads/2026/01/Design-sans-titre-2026-01-13T164649.982.png","image/png","200","OK","Indexable","","1","0,104","",""
"https://www.casapy.com/wp-content/themes/woodmart/js/scripts/wc/variationsPrice.min.js?ver=7.5.1","application/javascript","200","OK","Indexable","","0","0,076","",""
"https://www.casapy.com/wp-content/uploads/2025/04/logo-casapy-HD-1.pdf-1.png","image/png","200","OK","Indexable","","0","0,072","",""
"https://www.casapy.com/wp-content/themes/woodmart/css/parts/woo-mod-swatches-style-1.min.css?ver=7.5.1","text/css","200","OK","Indexable","","0","0,077","",""
"https://www.casapy.com/wp-content/themes/woodmart/css/parts/header-el-cart.min.css?ver=7.5.1","text/css","200","OK","Indexable","","0","0,080","",""
"https://www.casapy.com/wp-content/plugins/woocommerce/assets/js/frontend/add-to-cart-variation.min.js?ver=10.5.1","application/javascript","200","OK","Indexable","","0","0,072","",""
"https://www.casapy.com/wp-content/themes/woodmart/css/parts/woocommerce-base.min.css?ver=7.5.1","text/css","200","OK","Indexable","","0","0,062","",""
"https://www.casapy.com/wp-content/themes/woodmart/css/parts/opt-widget-collapse.min.css?ver=7.5.1","text/css","200","OK","Indexable","","0","0,069","",""
"https://www.casapy.com/wp-content/uploads/2026/01/xts-theme_settings_default-1769523397.css?ver=7.5.1","text/css","200","OK","Indexable","","0","0,078","",""
"https://www.casapy.com/wp-content/uploads/elementor/css/post-1550.css?ver=1771237807","text/css","200","OK","Indexable","","0","0,071","",""
"https://www.casapy.com/wp-content/plugins/elementor/assets/css/widget-image.min.css?ver=3.35.4","text/css","200","OK","Indexable","","0","0,063","",""
"https://www.casapy.com/wp-content/themes/woodmart/js/scripts/wc/onRemoveFromCart.min.js?ver=7.5.1","application/javascript","200","OK","Indexable","","0","0,082","",""
"https://www.pinterest.com/pin/create/button/?description=VEGA%20Lincoln%20–%20convertible%20Taille%20L%20%20%20(5%20places)%20260×183&url=https://www.casapy.com/produit/vega-lincoln-convertible-taille-l-5-places-260x183/&media=https://www.casapy.com/wp-content/uploads/2026/01/B000356__CASAPY_VEGA_L_LINCOLN_KAKI_AMB.jpg","","0","Bloqué par robots.txt","Non indexable","Bloqué par robots.txt","17","","",""
"https://www.casapy.com/wp-content/themes/woodmart/css/parts/woo-opt-quick-shop-2.min.css?ver=7.5.1","text/css","200","OK","Indexable","","0","0,078","",""
"https://www.casapy.com/wp-content/themes/woodmart/css/parts/mod-animations-keyframes.min.css?ver=7.5.1","text/css","200","OK","Indexable","","0","0,073","",""
"https://www.casapy.com/wp-content/uploads/elementor/css/custom-frontend.min.css?ver=1771237432","text/css","200","OK","Indexable","","0","0,077","",""
"https://www.casapy.com/compare/","text/html; charset=UTF-8","200","OK","Indexable","","555","2,981","",""
"https://www.casapy.com/wp-content/plugins/woo-stripe-payment/assets/build/applepay-product.js?ver=8a3b373ac62b250b70ad","application/javascript","200","OK","Indexable","","0","0,026","",""
"https://www.casapy.com/wp-content/uploads/2026/01/B000483_CASAPY_VEGA_L_PORTLAND_SABLE_AMB3-430x430.jpg","image/jpeg","200","OK","Indexable","","0","0,064","",""
"https://www.casapy.com/wp-content/uploads/2026/01/SWATCH-boston-chocolat-1-430x430.png","image/png","200","OK","Indexable","","0","0,075","",""
"https://cdn.jsdelivr.net/npm/@alma/widgets@4.X.X/dist/widgets.min.css?ver=4.x.x","text/css; charset=utf-8","200","OK","Indexable","","0","0,032","",""
"https://www.casapy.com/wp-content/themes/woodmart-child/style.css?ver=7.5.1","text/css","200","OK","Indexable","","0","0,075","",""
"https://www.casapy.com/wp-content/themes/woodmart/js/scripts/wc/addToCartAllTypes.min.js?ver=7.5.1","application/javascript","200","OK","Indexable","","0","0,067","",""
"https://www.casapy.com/wp-content/uploads/2026/01/SWATCH-boston-chocolat-2-430x430.png","image/png","200","OK","Indexable","","0","0,071","",""
"https://www.casapy.com/wp-includes/js/dist/i18n.min.js?ver=c26c3dc7bed366793375","application/javascript","200","OK","Indexable","","0","0,296","",""
"https://www.casapy.com/wp-content/themes/woodmart/css/parts/woo-widget-product-list.min.css?ver=7.5.1","text/css","200","OK","Indexable","","0","0,066","",""
"https://www.casapy.com/wp-content/themes/woodmart/js/scripts/wc/miniCartQuantity.min.js?ver=7.5.1","application/javascript","200","OK","Indexable","","0","0,056","",""
"https://www.casapy.com/categorie-produit/notre-selection-velours-a-plat/","text/html; charset=UTF-8","200","OK","Indexable","","46","4,037","",""
"https://www.casapy.com/wp-includes/js/jquery/jquery-migrate.min.js?ver=3.4.1","application/javascript","200","OK","Indexable","","0","0,035","",""
"https://www.casapy.com/wp-content/uploads/2026/01/A144102_Casapy_Sirius_L_Lincoln_Perle_AMB3-430x430.jpg","image/jpeg","200","OK","Indexable","","0","0,034","",""
"https://www.casapy.com/wp-content/themes/woodmart/js/scripts/menu/menuSetUp.min.js?ver=7.5.1","application/javascript","200","OK","Indexable","","0","0,034","",""
"https://www.casapy.com/categorie-produit/canapes-en-u-convertibles/","text/html; charset=UTF-8","200","OK","Indexable","","130","4,202","",""
"https://www.casapy.com/?page_id=3&preview=true","text/html; charset=UTF-8","301","Moved Permanently","Non indexable","Redirigé","65","1,149","https://www.casapy.com/cgv/","Redirection HTTP"
"https://www.casapy.com/categorie-produit/tu-habites-un-appartement/","text/html; charset=UTF-8","200","OK","Indexable","","441","4,781","",""
"https://www.casapy.com/wp-content/themes/woodmart/css/parts/woo-mod-swatches-base.min.css?ver=7.5.1","text/css","200","OK","Indexable","","0","0,030","",""
"https://www.casapy.com/wp-content/themes/woodmart/js/libs/photoswipe-bundle.min.js?ver=7.5.1","application/javascript","200","OK","Indexable","","0","0,082","",""
"https://www.pinterest.com/pin/create/button/?description=VEGA%20Lincoln%20–%20convertible%20Taille%20S%20(3%20places)%20251×100&url=https://www.casapy.com/produit/vega-lincoln-convertible-taille-s-3-places-251x100/&media=https://www.casapy.com/wp-content/uploads/2026/02/A145199-B00_CASAPY_VEGA_S-CV3_LINCOLN_TERRA_AMB6.jpg","","0","Bloqué par robots.txt","Non indexable","Bloqué par robots.txt","14","","",""
"https://www.casapy.com/wp-content/plugins/woocommerce/assets/js/frontend/woocommerce.min.js?ver=10.5.1","application/javascript","200","OK","Indexable","","0","0,057","",""
"https://www.casapy.com/wp-content/themes/woodmart/css/parts/woo-mod-login-form.min.css?ver=7.5.1","text/css","200","OK","Indexable","","0","0,067","",""
"https://www.casapy.com/wp-content/uploads/2026/01/B000460-VEGA-XL-PORTLAND-MARINE_AMB2-1-430x430.jpg","image/jpeg","200","OK","Indexable","","0","0,057","",""
"https://www.casapy.com/wp-content/plugins/woocommerce/assets/js/js-cookie/js.cookie.min.js?ver=2.1.4-wc.10.5.1","application/javascript","200","OK","Indexable","","0","0,065","",""
"https://www.casapy.com/wp-content/themes/woodmart/css/parts/woo-mod-stock-status.min.css?ver=7.5.1","text/css","200","OK","Indexable","","0","0,061","",""
"https://www.casapy.com/wp-content/themes/woodmart/css/parts/el-gallery.min.css?ver=7.5.1","text/css","200","OK","Indexable","","0","0,069","",""
"https://www.casapy.com/wp-content/themes/woodmart/css/parts/woo-gutenberg.min.css?ver=7.5.1","text/css","200","OK","Indexable","","0","0,062","",""
"https://www.casapy.com/wp-content/uploads/2026/01/A144094_Casapy_Sirius_L_Lincoln_ANTHRA_AMB3.jpg","text/html; charset=UTF-8","404","Not Found","Non indexable","Erreur client ","0","1,635","",""
"https://www.casapy.com/wp-content/uploads/2026/01/A145193-Generated-Image-January-09-2026-3_46PM-800x800.jpeg","image/jpeg","200","OK","Indexable","","0","0,022","",""
"https://www.casapy.com/wp-includes/js/dist/hooks.min.js?ver=dd5603f07f9220ed27f1","application/javascript","200","OK","Indexable","","0","0,064","",""
"https://www.casapy.com/produit/sirius-boston-convertible-taille-xl-6-places-344x219/","text/html; charset=UTF-8","200","OK","Indexable","","128","4,837","",""
"https://www.casapy.com/shop/%20","text/html; charset=UTF-8","301","Moved Permanently","Non indexable","Redirigé","65","1,228","https://www.casapy.com/shop/","Redirection HTTP"
"https://www.casapy.com/wp-content/themes/woodmart/css/parts/woo-widget-layered-nav-stock-status.min.css?ver=7.5.1","text/css","200","OK","Indexable","","0","0,027","",""
"https://www.casapy.com/wp-content/uploads/2026/01/Design-sans-titre-2026-01-13T155431.507.png","image/png","200","OK","Indexable","","0","0,058","",""
"https://www.casapy.com/wp-content/themes/woodmart/css/parts/woo-product-loop.min.css?ver=7.5.1","text/css","200","OK","Indexable","","0","0,070","",""
"https://www.casapy.com/wp-content/themes/woodmart/css/parts/mod-star-rating.min.css?ver=7.5.1","text/css","200","OK","Indexable","","0","0,067","",""
"https://www.casapy.com/wp-content/uploads/2026/01/3-2-430x430.png","image/png","200","OK","Indexable","","0","0,056","",""
"https://www.casapy.com/wp-content/uploads/2026/02/A145199-B00_CASAPY_VEGA_S-CV3_LINCOLN_TERRA_AMB8.jpg","image/jpeg","200","OK","Indexable","","1","0,076","",""
"https://www.casapy.com/wp-content/uploads/2026/01/3-3-430x430.png","image/png","200","OK","Indexable","","0","0,067","",""
"https://www.casapy.com/wp-content/plugins/complianz-gdpr/assets/css/cookieblocker.min.css?ver=1766050423","text/css","200","OK","Indexable","","0","0,066","",""
"https://www.casapy.com/wp-content/themes/woodmart/js/scripts/wc/quickView.min.js?ver=7.5.1","application/javascript","200","OK","Indexable","","0","0,061","",""
"https://www.casapy.com/wp-content/themes/woodmart/js/scripts/wc/woocommerceQuantity.min.js?ver=7.5.1","application/javascript","200","OK","Indexable","","0","0,084","",""
"https://www.casapy.com/wp-content/themes/woodmart/js/scripts/global/helpers.min.js?ver=7.5.1","application/javascript","200","OK","Indexable","","0","0,063","",""
"https://www.casapy.com/wp-content/plugins/devvn-image-hotspot/frontend/css/maps_points.css?ver=1.3.0","text/css","200","OK","Indexable","","0","0,037","",""
"https://www.casapy.com/wp-content/uploads/2026/01/CASAPY-VEGA-S-CV3-PORTLAND-MARINE-AMB-1.jpg","image/jpeg","200","OK","Indexable","","2","0,077","",""
"https://www.casapy.com/wp-content/uploads/2026/01/3-1-430x430.png","image/png","200","OK","Indexable","","0","0,068","",""
"https://www.casapy.com/produit/vega-lincoln-convertible-taille-xl-6-places-344x219/","text/html; charset=UTF-8","200","OK","Indexable","","83","3,693","",""
"https://www.casapy.com/wp-content/plugins/contact-form-7/includes/swv/js/index.js?ver=6.1.5","application/javascript","200","OK","Indexable","","0","0,067","",""
"https://www.casapy.com/wp-content/plugins/pinterest-for-woocommerce/assets/css/frontend/pinterest-for-woocommerce-pins.min.css?ver=1.4.24","text/css","200","OK","Indexable","","0","0,066","",""
"https://www.casapy.com/wp-content/themes/woodmart/js/scripts/global/swiperInit.min.js?ver=7.5.1","application/javascript","200","OK","Indexable","","0","0,063","",""
"https://www.casapy.com/categorie-produit/les-sirius/","text/html; charset=UTF-8","200","OK","Indexable","","167","5,679","",""
"https://www.casapy.com/categorie-produit/canapes-dangle-convertibles/","text/html; charset=UTF-8","200","OK","Indexable","","230","4,598","",""
"https://www.casapy.com/wp-content/themes/woodmart/js/scripts/global/widgetCollapse.min.js?ver=7.5.1","application/javascript","200","OK","Indexable","","0","0,024","",""
"https://www.casapy.com/wp-content/plugins/elementor/assets/css/widget-heading.min.css?ver=3.35.4","text/css","200","OK","Indexable","","0","0,036","",""
"https://www.casapy.com/wp-content/themes/woodmart/css/parts/base.min.css?ver=7.5.1","text/css","200","OK","Indexable","","0","0,079","",""
"https://www.casapy.com/wp-content/themes/woodmart/css/parts/header-el-base.min.css?ver=7.5.1","text/css","200","OK","Indexable","","0","0,063","",""
"https://www.casapy.com/wp-content/themes/woodmart/css/parts/woo-widget-slider-price-filter.min.css?ver=7.5.1","text/css","200","OK","Indexable","","0","0,071","",""
"https://www.casapy.com/wp-content/uploads/2026/01/2-2-430x430.png","image/png","200","OK","Indexable","","0","0,077","",""
"https://fonts.googleapis.com/css?family=Roboto:100,100italic,200,200italic,300,300italic,400,400italic,500,500italic,600,600italic,700,700italic,800,800italic,900,900italic&display=swap","text/css; charset=utf-8","200","OK","Indexable","","0","0,050","",""
"https://www.casapy.com/wp-content/uploads/2026/01/shoes-banner-1-ico.svg","image/svg+xml","200","OK","Indexable","","0","0,078","",""
"https://www.casapy.com/wp-content/uploads/2026/01/2-1-430x430.png","image/png","200","OK","Indexable","","0","0,037","",""
"https://www.casapy.com/wp-content/uploads/2026/01/hs-design.svg","image/svg+xml","200","OK","Indexable","","0","0,064","",""
"https://www.casapy.com/liberez-lespace/","text/html; charset=UTF-8","200","OK","Indexable","","222","5,736","",""
"https://www.casapy.com/mon-compte/","text/html; charset=UTF-8","200","OK","Non indexable","noindex","206","2,825","",""
"https://www.casapy.com/wp-content/uploads/2026/01/B001469_CASAPY_SIRIUS_XL_LINCOLN_PERLE_AMB4.jpg","image/jpeg","200","OK","Indexable","","1","0,027","",""
"https://www.casapy.com/wp-content/themes/woodmart/js/scripts/wc/productImagesGallery.min.js?ver=7.5.1","application/javascript","200","OK","Indexable","","0","0,059","",""
"https://www.casapy.com/wp-content/themes/woodmart/js/libs/tooltips.min.js?ver=7.5.1","application/javascript","200","OK","Indexable","","0","0,061","",""
"https://www.casapy.com/wp-content/uploads/2026/01/2-3-430x430.png","image/png","200","OK","Indexable","","0","0,064","",""
"https://www.casapy.com/wp-content/uploads/2026/01/B000489_CASAPY_VEGA_XL_LINCOLN_ANTHRA_AMB-430x430.jpg","image/jpeg","200","OK","Indexable","","0","0,021","",""
"https://www.casapy.com/wp-content/plugins/elementor/assets/css/widget-spacer.min.css?ver=3.35.4","text/css","200","OK","Indexable","","0","0,092","",""
"https://www.casapy.com/produit/wouf-by-casapy-le-canape-pour-chiens-et-chats-dehoussable-85cm-x-66cm/","text/html; charset=UTF-8","200","OK","Indexable","","64","3,698","",""
"https://www.casapy.com/wp-content/themes/woodmart/css/parts/woo-el-track-order.min.css?ver=7.5.1","text/css","200","OK","Indexable","","0","0,057","",""
"https://www.casapy.com/wp-content/themes/woodmart/js/scripts/wc/woocommerceNotices.min.js?ver=7.5.1","application/javascript","200","OK","Indexable","","0","0,068","",""
"https://www.casapy.com/produit/33741/","text/html; charset=UTF-8","200","OK","Indexable","","19","2,945","",""
"https://www.casapy.com/wp-content/uploads/2026/01/2-430x430.png","image/png","200","OK","Indexable","","0","0,023","",""
"https://www.casapy.com/wp-content/plugins/woo-stripe-payment/assets/build/payment-request-product.js?ver=daa6ae6e61c2c323ec23","application/javascript","200","OK","Indexable","","0","0,055","",""
"https://www.casapy.com/wp-content/plugins/elementor-pro/assets/js/elements-handlers.min.js?ver=3.35.1","application/javascript","200","OK","Indexable","","0","0,062","",""
"https://www.casapy.com/wp-content/themes/woodmart/css/parts/int-elementor-pro.min.css?ver=7.5.1","text/css","200","OK","Indexable","","0","0,062","",""
"https://www.casapy.com/wp-content/themes/woodmart/js/scripts/wc/swatchesVariations.min.js?ver=7.5.1","application/javascript","200","OK","Indexable","","0","0,059","",""
"https://www.casapy.com/wp-content/themes/woodmart/css/parts/header-el-cart-side.min.css?ver=7.5.1","text/css","200","OK","Indexable","","0","0,056","",""
"https://www.casapy.com/wp-content/themes/woodmart/css/parts/opt-bottom-toolbar.min.css?ver=7.5.1","text/css","200","OK","Indexable","","0","0,059","",""
"https://www.casapy.com/wp-content/uploads/2026/01/4-430x430.png","image/png","200","OK","Indexable","","0","0,057","",""
"https://www.casapy.com/wp-includes/js/underscore.min.js?ver=1.13.7","application/javascript","200","OK","Indexable","","0","0,056","",""
"https://www.casapy.com/wp-content/themes/woodmart/css/parts/lib-swiper.min.css?ver=7.5.1","text/css","200","OK","Indexable","","0","0,057","",""
"https://www.casapy.com/wp-content/uploads/2026/01/hs-waterproof.svg","image/svg+xml","200","OK","Indexable","","0","0,069","",""
"https://www.casapy.com/panier/","text/html; charset=UTF-8","200","OK","Non indexable","noindex","206","2,511","",""
"https://www.casapy.com/wp-content/uploads/2026/01/1-1-430x430.png","image/png","200","OK","Indexable","","0","0,022","",""
"https://www.casapy.com/wp-content/themes/woodmart/js/scripts/wc/wishlist.min.js?ver=7.5.1","application/javascript","200","OK","Indexable","","0","0,060","",""
"https://www.casapy.com/wp-content/themes/woodmart/css/parts/header-el-search.min.css?ver=7.5.1","text/css","200","OK","Indexable","","0","0,055","",""
"https://www.casapy.com/wp-content/plugins/pinterest-for-woocommerce/assets/js/pinterest-for-woocommerce-save-button.min.js?ver=1.4.24","application/javascript","200","OK","Indexable","","0","0,067","",""
"https://www.casapy.com/wp-content/themes/woodmart/css/parts/woo-mod-quantity.min.css?ver=7.5.1","text/css","200","OK","Indexable","","0","0,058","",""
"https://www.casapy.com/categorie-produit/tu-habites-un-studio/","text/html; charset=UTF-8","200","OK","Indexable","","232","4,720","",""
"https://www.casapy.com/produit/vega-lincoln-convertible-taille-s-3-places-251x100/","text/html; charset=UTF-8","200","OK","Indexable","","93","3,683","",""
"https://www.casapy.com/wp-content/plugins/elementor-pro/assets/js/frontend.min.js?ver=3.35.1","application/javascript","200","OK","Indexable","","0","0,022","",""
"https://www.casapy.com/wp-content/themes/woodmart/css/parts/woo-mod-swatches-dis-style-1.min.css?ver=7.5.1","text/css","200","OK","Indexable","","0","0,060","",""
"https://www.casapy.com/wp-content/uploads/2026/01/1-3-430x430.png","image/png","200","OK","Indexable","","0","0,051","",""
"https://www.casapy.com/wp-content/plugins/woocommerce/assets/js/jquery-blockui/jquery.blockUI.min.js?ver=2.7.0-wc.10.5.1","application/javascript","200","OK","Indexable","","0","0,052","",""
"https://www.casapy.com/categorie-produit/canapes-droits-convertibles/","text/html; charset=UTF-8","200","OK","Indexable","","150","4,465","",""
"https://www.casapy.com/wp-content/plugins/devvn-image-hotspot/frontend/js/jquery.powertip.min.js?ver=1.2.0","application/javascript","200","OK","Indexable","","0","0,025","",""
"https://pay.google.com/gp/p/js/pay.js?ver=3.3.101","application/javascript; charset=utf-8","200","OK","Indexable","","0","0,087","",""
"https://www.casapy.com/wp-content/themes/woodmart/css/parts/el-info-box.min.css?ver=7.5.1","text/css","200","OK","Indexable","","0","0,059","",""
"https://www.casapy.com/wp-content/themes/woodmart/css/parts/el-section-title-style-simple-and-brd.min.css?ver=7.5.1","text/css","200","OK","Indexable","","0","0,055","",""
"https://www.pinterest.com/pin/create/button/?description=SIRIUS%20Lincoln%20–%20convertible%20Taille%20XL%20(6%20places)%20344×219&url=https://www.casapy.com/produit/sirius-lincoln-convertible-taille-xl-6-places-344x219-copie/&media=https://www.casapy.com/wp-content/uploads/2026/01/B001469_CASAPY_SIRIUS_XL_LINCOLN_PERLE_AMB.jpg","","0","Bloqué par robots.txt","Non indexable","Bloqué par robots.txt","19","","",""
"https://www.casapy.com/wp-content/themes/woodmart/js/scripts/header/headerBuilder.min.js?ver=7.5.1","application/javascript","200","OK","Indexable","","0","0,054","",""
"https://www.casapy.com/wp-content/uploads/2026/01/4-2-430x430.png","image/png","200","OK","Indexable","","0","0,059","",""
"https://www.casapy.com/wp-content/plugins/woocommerce/assets/js/sourcebuster/sourcebuster.min.js?ver=10.5.1","application/javascript","200","OK","Indexable","","0","0,055","",""
"https://www.casapy.com/wp-content/themes/woodmart/css/parts/el-text-block.min.css?ver=7.5.1","text/css","200","OK","Indexable","","0","0,057","",""
"https://www.casapy.com/wp-content/uploads/2025/11/B000453-VEGA-XL-PORTLAND-GRIS_AMB2-430x430.jpg","image/jpeg","200","OK","Indexable","","0","0,057","",""
"https://www.casapy.com/about-us-3/","text/html; charset=UTF-8","200","OK","Indexable","","76","3,865","",""
"https://www.casapy.com/mon-compte/?action=register","text/html; charset=UTF-8","200","OK","Non indexable","Canonisé,noindex","73","2,897","",""
"https://www.casapy.com/wp-content/themes/woodmart/css/parts/header-el-my-account.min.css?ver=7.5.1","text/css","200","OK","Indexable","","0","0,027","",""
"https://www.casapy.com/wp-content/uploads/2026/01/A144098_Casapy_Sirius_L_Lincoln_KAKI_AMB3-430x430.jpg","image/jpeg","200","OK","Indexable","","0","0,066","",""
"https://www.casapy.com/wp-content/themes/woodmart/css/parts/opt-scrolltotop.min.css?ver=7.5.1","text/css","200","OK","Indexable","","0","0,062","",""
"https://www.casapy.com/wp-content/themes/woodmart/js/libs/swiper.min.js?ver=7.5.1","application/javascript","200","OK","Indexable","","0","0,064","",""
"https://www.casapy.com/?s=vega+xl&post_type=product","text/html; charset=UTF-8","200","OK","Non indexable","noindex","17","6,348","",""
"https://www.casapy.com/categorie-produit/les-vega/","text/html; charset=UTF-8","200","OK","Indexable","","117","5,502","",""
"https://www.casapy.com/wp-content/plugins/devvn-image-hotspot/frontend/css/jquery.powertip.min.css?ver=1.2.0","text/css","200","OK","Indexable","","0","0,027","",""
"https://www.casapy.com/wp-content/plugins/elementor/assets/lib/animations/styles/fadeInUp.min.css?ver=3.35.4","text/css","200","OK","Indexable","","0","0,025","",""
"https://www.casapy.com/produit/sirius-lincoln-convertible-taille-xl-6-places-344x219-copie/","text/html; charset=UTF-8","200","OK","Indexable","","118","4,642","",""
"https://www.casapy.com/wp-content/themes/woodmart/css/parts/header-el-search-form.min.css?ver=7.5.1","text/css","200","OK","Indexable","","0","0,060","",""
"https://www.casapy.com/wp-content/uploads/2025/11/B000477-VEGA-XL-PORTLAND-CHARBON_AMB2-430x430.jpg","image/jpeg","200","OK","Indexable","","0","0,064","",""
"https://www.pinterest.com/pin/create/button/?description=SIRIUS%20Boston%20–%20convertible%20Taille%20XL%20(6%20places)%20344×219&url=https://www.casapy.com/produit/sirius-boston-convertible-taille-xl-6-places-344x219/","","0","Bloqué par robots.txt","Non indexable","Bloqué par robots.txt","21","","",""
"https://www.casapy.com/wp-content/plugins/complianz-gdpr/cookiebanner/js/complianz.min.js?ver=1766050424","application/javascript","200","OK","Indexable","","0","0,076","",""
"https://www.casapy.com/wp-content/uploads/2026/01/A144229-VEGA-M-PORTLAND-SABLE_AMB1.jpg","image/jpeg","200","OK","Indexable","","1","0,060","",""
"https://www.casapy.com/wp-content/themes/woodmart/js/scripts/wc/loginSidebar.min.js?ver=7.5.1","application/javascript","200","OK","Indexable","","0","0,062","",""
"https://www.casapy.com/wp-content/uploads/2026/01/Design-sans-titre-2026-01-13T170405.915-32x32.png","image/png","200","OK","Indexable","","0","0,054","",""
"https://www.pinterest.com/pin/create/button/?description=VEGA%20Lincoln%20–%20convertible%20Taille%20XL%20(6%20places)%20344×219&url=https://www.casapy.com/produit/vega-lincoln-convertible-taille-xl-6-places-344x219/&media=https://www.casapy.com/wp-content/uploads/2026/01/B000495_CASAPY_VEGA_XL_LINCOLN_TERRA_AMB-1.jpg","","0","Bloqué par robots.txt","Non indexable","Bloqué par robots.txt","12","","",""
"https://www.casapy.com/wp-includes/js/wp-util.min.js?ver=e310936bab63c8ded3cb4f508f152b44","application/javascript","200","OK","Indexable","","0","0,056","",""
"https://www.casapy.com/wp-content/themes/woodmart/css/parts/el-section-title.min.css?ver=7.5.1","text/css","200","OK","Indexable","","0","0,083","",""
"https://www.casapy.com/wp-content/uploads/2026/01/B000483_CASAPY_VEGA_L_PORTLAND_SABLE_AMB2-1-430x430.jpg","image/jpeg","200","OK","Indexable","","0","0,053","",""
"https://www.casapy.com/mon-compte/lost-password/","text/html; charset=UTF-8","200","OK","Non indexable","Canonisé,noindex","74","2,720","",""
"https://www.casapy.com/categorie-produit/notre-selection-tissage-a-plat/","text/html; charset=UTF-8","200","OK","Indexable","","159","4,159","",""
"https://www.casapy.com/wp-content/themes/woodmart/js/scripts/global/callPhotoSwipe.min.js?ver=7.5.1","application/javascript","200","OK","Indexable","","0","0,026","",""
"https://www.casapy.com/wp-content/themes/woodmart/js/scripts/wc/cartWidget.min.js?ver=7.5.1","application/javascript","200","OK","Indexable","","0","0,055","",""
"https://www.casapy.com/wp-includes/js/jquery/ui/core.min.js?ver=1.13.3","application/javascript","200","OK","Indexable","","0","0,056","",""
"https://www.casapy.com/wp-content/uploads/2026/01/B000495_CASAPY_VEGA_XL_LINCOLN_TERRA_AMB-1.jpg","image/jpeg","200","OK","Indexable","","1","0,061","",""
"https://www.casapy.com/mentions-legales/","text/html; charset=UTF-8","200","OK","Indexable","","82","2,831","",""
"https://www.casapy.com/wp-content/themes/woodmart/css/parts/mod-tools.min.css?ver=7.5.1","text/css","200","OK","Indexable","","0","0,049","",""
"https://www.casapy.com/categorie-produit/tu-habites-une-maison/","text/html; charset=UTF-8","200","OK","Indexable","","311","4,692","",""
"https://www.casapy.com/wp-content/plugins/woocommerce/assets/js/frontend/add-to-cart.min.js?ver=10.5.1","application/javascript","200","OK","Indexable","","0","0,036","",""
"https://js.stripe.com/v3/?ver=3.3.101","","0","Bloqué par robots.txt","Non indexable","Bloqué par robots.txt","0","","",""
"https://www.casapy.com/wp-includes/js/dist/url.min.js?ver=9e178c9516d1222dc834","application/javascript","200","OK","Indexable","","0","0,089","",""
"https://www.casapy.com/wp-content/themes/woodmart/css/parts/footer-base.min.css?ver=7.5.1","text/css","200","OK","Indexable","","0","0,085","",""
"https://www.casapy.com/wp-content/plugins/woo-stripe-payment/assets/js/frontend/form-handler.min.js?ver=3.3.101","application/javascript","200","OK","Indexable","","0","0,067","",""
"https://www.casapy.com/categorie-produit/nos-tailles-m-4-5-places/","text/html; charset=UTF-8","200","OK","Indexable","","124","5,405","",""
"https://www.casapy.com/wp-content/themes/woodmart/css/parts/lib-swiper-arrows.min.css?ver=7.5.1","text/css","200","OK","Indexable","","0","0,029","",""
"https://www.casapy.com/wp-content/plugins/elementor-pro/assets/js/webpack-pro.runtime.min.js?ver=3.35.1","application/javascript","200","OK","Indexable","","0","0,091","",""
"https://www.pinterest.com/pin/create/button/?description=VEGA%20Riviera%20–%20convertible%20Taille%20S%20(3%20places)%20251×100&url=https://www.casapy.com/produit/vega-riviera-convertible-taille-s-3-places-251x100/&media=https://www.casapy.com/wp-content/uploads/2026/01/A145193-Generated-Image-January-09-2026-3_46PM-800x800.jpeg","","0","Bloqué par robots.txt","Non indexable","Bloqué par robots.txt","15","","",""
"https://www.casapy.com/wp-content/themes/woodmart/css/parts/woo-mod-block-notices.min.css?ver=7.5.1","text/css","200","OK","Indexable","","0","0,112","",""
"https://www.casapy.com/wp-content/themes/woodmart/js/scripts/global/scrollTop.min.js?ver=7.5.1","application/javascript","200","OK","Indexable","","0","0,082","",""
"https://www.casapy.com/wp-content/plugins/flexible-shipping/assets/dist/css/free-shipping.css?ver=6.5.5.2","text/css","200","OK","Indexable","","0","0,060","",""
"https://www.casapy.com/wp-content/plugins/woo-stripe-payment/assets/js/frontend/googlepay-product.min.js?ver=3.3.101","application/javascript","200","OK","Indexable","","0","0,063","",""
"https://www.casapy.com/wp-content/uploads/2026/01/B000512_CASAPY_VEGA_XL_LINCOLN_KAKI_AMB2-430x430.jpg","image/jpeg","200","OK","Indexable","","0","0,058","",""
"https://www.casapy.com/wp-content/uploads/2025/11/B000426-VEGA-XL-PORTLAND-ANTHRACITE_AMB2-430x430.jpg","image/jpeg","200","OK","Indexable","","0","0,076","",""
"https://www.casapy.com/categorie-produit/notre-selection-velours-cotele/","text/html; charset=UTF-8","200","OK","Indexable","","211","4,651","",""
"https://www.casapy.com/categorie-produit/canapes-convertibles/","text/html; charset=UTF-8","200","OK","Indexable","","468","4,804","",""
"https://www.casapy.com/wp-content/themes/woodmart/js/libs/magnific-popup.min.js?ver=7.5.1","application/javascript","200","OK","Indexable","","0","0,026","",""
"https://www.casapy.com/wp-content/uploads/2026/01/shoes-banner-2-ico.svg","image/svg+xml","200","OK","Indexable","","0","0,056","",""
"https://www.casapy.com/wp-content/plugins/elementor/assets/js/frontend-modules.min.js?ver=3.35.4","application/javascript","200","OK","Indexable","","0","0,058","",""
"https://www.casapy.com/wp-content/plugins/elementor/assets/css/widget-video.min.css?ver=3.35.4","text/css","200","OK","Indexable","","0","0,060","",""
"https://www.casapy.com/wp-content/themes/woodmart/css/parts/lib-photoswipe.min.css?ver=7.5.1","text/css","200","OK","Indexable","","0","0,060","",""
"https://www.casapy.com/wp-content/plugins/elementor/assets/js/frontend.min.js?ver=3.35.4","application/javascript","200","OK","Indexable","","0","0,065","",""
"https://www.casapy.com/wp-content/plugins/woocommerce/assets/js/frontend/cart-fragments.min.js?ver=10.5.1","application/javascript","200","OK","Indexable","","0","0,057","",""
"https://www.casapy.com/wp-content/themes/woodmart/js/scripts/menu/mobileNavigation.min.js?ver=7.5.1","application/javascript","200","OK","Indexable","","0","0,068","",""
"https://www.casapy.com/wp-content/uploads/2025/09/Elegant_Tea_Time.jpg","image/jpeg","200","OK","Indexable","","1","0,067","",""
"https://www.casapy.com/categorie-produit/tu-as-un-grand-salon/","text/html; charset=UTF-8","200","OK","Indexable","","236","5,930","",""
"https://www.casapy.com/produit/vega-portland-convertible-taille-s-3-places-251x100/","text/html; charset=UTF-8","200","OK","Indexable","","98","3,683","",""
"https://www.casapy.com/wp-content/plugins/elementor/assets/js/webpack.runtime.min.js?ver=3.35.4","application/javascript","200","OK","Indexable","","0","0,027","",""
"https://www.casapy.com/wp-content/themes/woodmart/js/libs/device.min.js?ver=7.5.1","application/javascript","200","OK","Indexable","","0","0,067","",""
"https://www.casapy.com/wp-content/themes/woodmart/js/scripts/menu/menuOffsets.min.js?ver=7.5.1","application/javascript","200","OK","Indexable","","0","0,084","",""
"https://www.casapy.com/wp-content/plugins/alma-gateway-for-woocommerce//build/alma-widget-block/alma-widget-block-view.css?ver=5.16.2","text/css","200","OK","Indexable","","0","0,063","",""
"https://www.casapy.com/wp-content/themes/woodmart/css/parts/woo-widget-shopping-cart.min.css?ver=7.5.1","text/css","200","OK","Indexable","","0","0,059","",""
"https://www.casapy.com/wishlist/","text/html; charset=UTF-8","200","OK","Indexable","","685","2,927","",""
"https://www.instagram.com/casapy_france/","text/html; charset=""utf-8""","200","OK","Indexable","","29","0,133","",""
"https://www.casapy.com/wp-content/uploads/2026/01/B000521_CASAPY_VEGA_XL_LINCOLN_PERLE_AMB3-430x430.jpg","image/jpeg","200","OK","Indexable","","0","0,021","",""
"https://www.casapy.com/wp-content/uploads/2026/01/A144090_Casapy_Sirius_L_Lincoln_TERRA_AMB3-430x430.jpg","image/jpeg","200","OK","Indexable","","0","0,055","",""
"https://www.casapy.com/categorie-produit/canapes/","text/html; charset=UTF-8","200","OK","Indexable","","419","4,861","",""
"https://www.casapy.com/wp-content/themes/woodmart/css/bootstrap-light.min.css?ver=7.5.1","text/css","200","OK","Indexable","","0","0,029","",""
"https://www.casapy.com/wp-content/plugins/elementor/assets/css/conditionals/e-swiper.min.css?ver=3.35.4","text/css","200","OK","Indexable","","0","0,061","",""
"https://www.casapy.com/wp-content/uploads/2026/01/2-4-32x32.png","image/png","200","OK","Indexable","","0","0,056","",""
"https://www.casapy.com/wp-content/uploads/2026/02/A145199-B00_CASAPY_VEGA_S-CV3_LINCOLN_TERRA_AMB6.jpg","image/jpeg","200","OK","Indexable","","2","0,054","",""
"https://www.casapy.com/wp-content/uploads/2026/01/3-4-32x32.png","image/png","200","OK","Indexable","","0","0,054","",""
"https://www.casapy.com/wp-content/uploads/2026/01/1-4-32x32.png","image/png","200","OK","Indexable","","0","0,052","",""
"https://www.casapy.com/conditions-generales-dutilisation-et-protection-des-donnees/","text/html; charset=UTF-8","200","OK","Indexable","","85","2,842","",""
"https://www.casapy.com/wp-content/uploads/2025/04/logo-casapy-HD-1.pdf-1-400x225.png","image/png","200","OK","Indexable","","0","0,021","",""
"https://www.casapy.com/wp-content/uploads/2026/01/B001469_CASAPY_SIRIUS_XL_LINCOLN_PERLE_AMB.jpg","image/jpeg","200","OK","Indexable","","1","0,069","",""
"https://www.casapy.com/contact-us/","text/html; charset=UTF-8","200","OK","Indexable","","206","2,810","",""
"https://www.casapy.com/wp-includes/js/jquery/jquery.min.js?ver=3.7.1","application/javascript","200","OK","Indexable","","0","0,027","",""
"https://www.casapy.com/categorie-produit/nos-tailles-l-5-places/","text/html; charset=UTF-8","200","OK","Indexable","","120","4,233","",""
"https://www.casapy.com/wp-content/themes/woodmart/js/scripts/wc/woodmartCompare.min.js?ver=7.5.1","application/javascript","200","OK","Indexable","","0","0,023","",""
"https://www.pinterest.com/pin/create/button/?description=VEGA%20M%20Portland%20–%20convertible%20taille%20M%20(4%20places)%20255×148&url=https://www.casapy.com/produit/vega-portland-convertible-taille-m-4-places-255x148/&media=https://www.casapy.com/wp-content/uploads/2026/01/A144229-VEGA-M-PORTLAND-SABLE_AMB1.jpg","","0","Bloqué par robots.txt","Non indexable","Bloqué par robots.txt","16","","",""
"https://www.casapy.com/wp-content/uploads/2026/01/B000356__CASAPY_VEGA_L_LINCOLN_KAKI_AMB.jpg","image/jpeg","200","OK","Indexable","","1","0,058","",""
"https://www.casapy.com/wp-content/uploads/2025/08/LINCOLN-PEARL-430x430.png","image/png","200","OK","Indexable","","0","0,056","",""
"https://www.casapy.com/wp-content/uploads/2026/01/CASAPY-VEGA-S-CV3-PORTLAND-MARINE-AMB2jpg-1.jpg","image/jpeg","200","OK","Indexable","","1","0,059","",""
"https://www.casapy.com/wp-content/themes/woodmart/js/libs/parallax-scroll-bundle.min.js?ver=7.5.1","application/javascript","200","OK","Indexable","","0","0,056","",""
"https://www.casapy.com/categorie-produit/notre-selection-de-tissus-structure/","text/html; charset=UTF-8","200","OK","Indexable","","45","5,274","",""
"https://www.casapy.com/wp-content/themes/woodmart/js/scripts/global/scrollBar.min.js?ver=7.5.1","application/javascript","200","OK","Indexable","","0","0,024","",""
"https://www.casapy.com/wp-content/uploads/2026/01/1-430x430.png","image/png","200","OK","Indexable","","0","0,053","",""
"https://www.casapy.com/nos-collections/","text/html; charset=UTF-8","200","OK","Indexable","","223","4,383","",""
"https://www.casapy.com/produit/vega-lincoln-convertible-taille-l-5-places-260x183/","text/html; charset=UTF-8","200","OK","Indexable","","108","4,805","",""
"https://www.casapy.com/wp-content/themes/woodmart/css/parts/wp-gutenberg.min.css?ver=7.5.1","text/css","200","OK","Indexable","","0","0,026","",""
"https://www.casapy.com/shop/","text/html; charset=UTF-8","200","OK","Indexable","","255","3,463","",""
"https://www.casapy.com/wp-content/uploads/2026/01/hs-materials.svg","image/svg+xml","200","OK","Indexable","","0","0,024","",""
"https://www.casapy.com/wp-content/themes/woodmart/js/scripts/wc/updateCartFragmentsFix.js?ver=7.5.1","application/javascript","200","OK","Indexable","","0","0,041","",""
"https://www.casapy.com/wp-content/themes/woodmart/js/scripts/wc/quickShopVariationForm.min.js?ver=7.5.1","application/javascript","200","OK","Indexable","","0","0,078","",""
"https://www.casapy.com/wp-content/themes/woodmart/css/parts/header-el-mobile-nav-dropdown.min.css?ver=7.5.1","text/css","200","OK","Indexable","","0","0,064","",""
"https://www.casapy.com/wp-content/themes/woodmart/css/parts/int-wpcf7.min.css?ver=7.5.1","text/css","200","OK","Indexable","","0","0,096","",""
"https://www.casapy.com/wp-content/plugins/contact-form-7/includes/js/index.js?ver=6.1.5","application/javascript","200","OK","Indexable","","0","0,056","",""
"https://www.casapy.com/wp-content/themes/woodmart/css/parts/wd-search-form.min.css?ver=7.5.1","text/css","200","OK","Indexable","","0","0,074","",""
"https://www.casapy.com/wp-content/themes/woodmart/css/parts/header-el-my-account-sidebar.min.css?ver=7.5.1","text/css","200","OK","Indexable","","0","0,077","",""
"https://www.casapy.com/wp-content/uploads/2026/01/3-430x430.png","image/png","200","OK","Indexable","","0","0,064","",""
"https://www.casapy.com/wp-content/themes/woodmart/css/parts/woo-mod-variation-form.min.css?ver=7.5.1","text/css","200","OK","Indexable","","0","0,058","",""
"https://www.casapy.com/wp-content/uploads/woocommerce-placeholder-430x430.png","image/png","200","OK","Indexable","","0","0,068","",""
"https://www.casapy.com/wp-content/themes/woodmart/css/parts/int-elem-base.min.css?ver=7.5.1","text/css","200","OK","Indexable","","0","0,067","",""
"https://www.casapy.com/wp-content/themes/woodmart/css/parts/el-testimonial.min.css?ver=7.5.1","text/css","200","OK","Indexable","","0","0,066","",""
"https://www.casapy.com/wp-content/uploads/2026/01/1-2-430x430.png","image/png","200","OK","Indexable","","0","0,071","",""
"https://fonts.googleapis.com/css?family=Roboto+Slab:100,100italic,200,200italic,300,300italic,400,400italic,500,500italic,600,600italic,700,700italic,800,800italic,900,900italic&display=swap","text/css; charset=utf-8","200","OK","Indexable","","0","0,045","",""
"https://www.casapy.com/wp-content/plugins/elementor/assets/css/widget-image-carousel.min.css?ver=3.35.4","text/css","200","OK","Indexable","","0","0,060","",""
"https://www.casapy.com/wp-content/uploads/2026/01/4-1-430x430.png","image/png","200","OK","Indexable","","0","0,078","",""
"https://www.casapy.com/wp-content/uploads/2026/01/A145193-CASAPY-VEGA-S-CV3-RIVIERA-TAUPE-AMB2.jpg","image/jpeg","200","OK","Indexable","","1","0,065","",""
"https://www.casapy.com/wp-content/themes/woodmart/js/scripts/global/photoswipeImages.min.js?ver=7.5.1","application/javascript","200","OK","Indexable","","0","0,067","",""
"https://www.casapy.com/wp-content/uploads/2026/01/4-3-32x32.png","image/png","200","OK","Indexable","","0","0,069","",""
"https://www.casapy.com/wp-content/uploads/2026/01/A144229-VEGA-M-PORTLAND-SABLE_AMB.jpg","image/jpeg","200","OK","Indexable","","1","0,073","",""
"https://www.casapy.com/wp-content/uploads/2026/01/B000489_CASAPY_VEGA_XL_LINCOLN_ANTHRA_AMB-1.jpg","image/jpeg","200","OK","Indexable","","1","0,062","",""
"https://www.casapy.com/wp-content/uploads/elementor/css/post-8.css?ver=1771237432","text/css","200","OK","Indexable","","0","0,082","",""
"https://www.casapy.com/wp-includes/js/dist/vendor/wp-polyfill.min.js?ver=3.15.0","application/javascript","200","OK","Indexable","","0","0,074","",""
"https://www.casapy.com/wp-content/themes/woodmart/css/parts/widget-recent-post-comments.min.css?ver=7.5.1","text/css","200","OK","Indexable","","0","0,064","",""
"https://www.casapy.com/wp-content/themes/woodmart/css/parts/lib-magnific-popup.min.css?ver=7.5.1","text/css","200","OK","Indexable","","0","0,074","",""
"https://www.casapy.com/wp-content/themes/woodmart/css/parts/woo-page-empty-page.min.css?ver=7.5.1","text/css","200","OK","Indexable","","0","0,066","",""
"https://www.casapy.com/wp-content/themes/woodmart/css/parts/woo-page-compare.min.css?ver=7.5.1","text/css","200","OK","Indexable","","0","0,065","",""
"https://www.casapy.com/wp-includes/css/dist/block-library/style.min.css?ver=e310936bab63c8ded3cb4f508f152b44","text/css","200","OK","Indexable","","0","0,064","",""
"https://www.casapy.com/wp-content/uploads/2026/01/B001507_CASAPY_ALYA_S_CV3_RIVIERA_TAUPE_AMB2-430x430.jpg","image/jpeg","200","OK","Indexable","","0","0,064","",""
"https://www.casapy.com/wp-content/themes/woodmart/css/parts/mod-sticky-loader.min.css?ver=7.5.1","text/css","200","OK","Indexable","","0","0,065","",""
"https://www.casapy.com/wp-content/themes/woodmart/js/scripts/wc/sortByWidget.min.js?ver=7.5.1","application/javascript","200","OK","Indexable","","0","0,060","",""
"https://www.casapy.com/wp-content/themes/woodmart/js/scripts/wc/filtersArea.min.js?ver=7.5.1","application/javascript","200","OK","Indexable","","0","0,056","",""
"https://www.casapy.com/wp-content/themes/woodmart/css/parts/woo-categories-loop-nav.min.css?ver=7.5.1","text/css","200","OK","Indexable","","0","0,059","",""
"https://www.casapy.com/wp-content/plugins/woocommerce/assets/js/jquery-ui-touch-punch/jquery-ui-touch-punch.min.js?ver=10.5.1","application/javascript","200","OK","Indexable","","0","0,068","",""
"https://www.casapy.com/wp-content/uploads/2026/01/A145193-Generated-Image-January-09-2026-3_46PM-430x430.jpeg","image/jpeg","200","OK","Indexable","","0","0,058","",""
"https://www.casapy.com/produit/vega-riviera-convertible-taille-s-3-places-251x100/","text/html; charset=UTF-8","200","OK","Indexable","","98","4,765","",""
"https://www.casapy.com/wp-content/themes/woodmart/css/parts/woo-categories-loop-default-old.min.css?ver=7.5.1","text/css","200","OK","Indexable","","0","0,027","",""
"https://www.casapy.com/wp-content/themes/woodmart/css/parts/opt-off-canvas-sidebar.min.css?ver=7.5.1","text/css","200","OK","Indexable","","0","0,063","",""
"https://www.casapy.com/wp-content/themes/woodmart/js/scripts/wc/woocommercePriceSlider.min.js?ver=7.5.1","application/javascript","200","OK","Indexable","","0","0,074","",""
"https://www.casapy.com/wp-content/themes/woodmart/js/scripts/global/backHistory.min.js?ver=7.5.1","application/javascript","200","OK","Indexable","","0","0,074","",""
"https://www.casapy.com/wp-content/plugins/woocommerce/assets/js/frontend/price-slider.min.js?ver=10.5.1","application/javascript","200","OK","Indexable","","0","0,071","",""
"https://www.casapy.com/wp-includes/js/jquery/ui/slider.min.js?ver=1.13.3","application/javascript","200","OK","Indexable","","0","0,072","",""
"https://www.casapy.com/wp-content/themes/woodmart/js/scripts/wc/stickySidebarBtn.min.js?ver=7.5.1","application/javascript","200","OK","Indexable","","0","0,054","",""
"https://www.casapy.com/wp-content/themes/woodmart/css/parts/woo-shop-predefined.min.css?ver=7.5.1","text/css","200","OK","Indexable","","0","0,061","",""
"https://www.casapy.com/wp-content/themes/woodmart/css/parts/mod-sticky-sidebar-opener.min.css?ver=7.5.1","text/css","200","OK","Indexable","","0","0,060","",""
"https://www.casapy.com/wp-content/themes/woodmart/css/parts/woo-shop-el-order-by.min.css?ver=7.5.1","text/css","200","OK","Indexable","","0","0,063","",""
"https://www.pinterest.com/pin/create/button/?description=ALYA%20S%20Riviera%20–%20convertible%20Taille%20S%20(3%20places)%20251×100&url=https://www.casapy.com/produit/alya-riviera-convertible-taille-s-3-places-251x100/&media=https://www.casapy.com/wp-content/uploads/2026/01/B001507_CASAPY_ALYA_S_CV3_RIVIERA_TAUPE_AMB.jpg","","0","Bloqué par robots.txt","Non indexable","Bloqué par robots.txt","17","","",""
"https://www.casapy.com/wp-content/plugins/woocommerce/assets/js/accounting/accounting.min.js?ver=0.4.2","application/javascript","200","OK","Indexable","","0","0,058","",""
"https://www.casapy.com/wp-content/themes/woodmart/js/scripts/global/hiddenSidebar.min.js?ver=7.5.1","application/javascript","200","OK","Indexable","","0","0,062","",""
"https://www.casapy.com/wp-content/themes/woodmart/css/parts/woo-shop-page-title.min.css?ver=7.5.1","text/css","200","OK","Indexable","","0","0,068","",""
"https://www.casapy.com/categorie-produit/nos-tailles-s-3-4-places/","text/html; charset=UTF-8","200","OK","Indexable","","150","4,388","",""
"https://www.casapy.com/wp-content/themes/woodmart/css/parts/woo-shop-el-filters-area.min.css?ver=7.5.1","text/css","200","OK","Indexable","","0","0,026","",""
"https://www.casapy.com/wp-content/themes/woodmart/css/parts/woo-widget-active-filters.min.css?ver=7.5.1","text/css","200","OK","Indexable","","0","0,058","",""
"https://www.casapy.com/wp-content/themes/woodmart/css/parts/woo-shop-el-products-per-page.min.css?ver=7.5.1","text/css","200","OK","Indexable","","0","0,056","",""
"https://www.casapy.com/wp-content/uploads/2026/01/A145193-CASAPY-VEGA-S-CV3-RIVIERA-TAUPE-AMB2-430x430.jpg","image/jpeg","200","OK","Indexable","","0","0,053","",""
"https://www.casapy.com/wp-content/uploads/2026/01/B001507_CASAPY_ALYA_S_CV3_RIVIERA_TAUPE_AMB-430x430.jpg","image/jpeg","200","OK","Indexable","","0","0,021","",""
"https://www.casapy.com/wp-content/themes/woodmart/js/libs/pjax.min.js?ver=7.5.1","application/javascript","200","OK","Indexable","","0","0,054","",""
"https://www.casapy.com/wp-content/themes/woodmart/css/parts/woo-product-loop-tiled.min.css?ver=7.5.1","text/css","200","OK","Indexable","","0","0,058","",""
"https://www.casapy.com/produit/vega-portland-convertible-taille-m-4-places-255x148/","text/html; charset=UTF-8","200","OK","Indexable","","103","6,848","",""
"https://www.casapy.com/wp-content/themes/woodmart/css/parts/woo-categories-loop-old.min.css?ver=7.5.1","text/css","200","OK","Indexable","","0","0,057","",""
"https://www.casapy.com/wp-content/themes/woodmart/css/parts/woo-mod-shop-loop-head.min.css?ver=7.5.1","text/css","200","OK","Indexable","","0","0,055","",""
"https://www.casapy.com/wp-content/themes/woodmart/js/scripts/wc/ajaxFilters.min.js?ver=7.5.1","application/javascript","200","OK","Indexable","","0","0,078","",""
"https://www.casapy.com/wp-content/themes/woodmart/css/parts/woo-categories-loop-nav-mobile-accordion.min.css?ver=7.5.1","text/css","200","OK","Indexable","","0","0,063","",""
"https://www.casapy.com/wp-includes/js/jquery/ui/mouse.min.js?ver=1.13.3","application/javascript","200","OK","Indexable","","0","0,056","",""
"https://www.casapy.com/wp-content/themes/woodmart/js/scripts/global/clickOnScrollButton.min.js?ver=7.5.1","application/javascript","200","OK","Indexable","","0","0,053","",""
"https://www.casapy.com/wp-content/themes/woodmart/js/scripts/wc/shopPageInit.min.js?ver=7.5.1","application/javascript","200","OK","Indexable","","0","0,063","",""
"https://www.casapy.com/wp-content/themes/woodmart/css/parts/woo-shop-el-products-view.min.css?ver=7.5.1","text/css","200","OK","Indexable","","0","0,057","",""
"https://www.casapy.com/wp-content/themes/woodmart/css/parts/woo-shop-el-active-filters.min.css?ver=7.5.1","text/css","200","OK","Indexable","","0","0,058","",""
"https://www.casapy.com/wp-content/uploads/2026/01/B001469_CASAPY_SIRIUS_XL_LINCOLN_PERLE_AMB-430x430.jpg","image/jpeg","200","OK","Indexable","","0","0,052","",""
"https://www.casapy.com/wp-content/uploads/2025/09/ALYA-XL-PERLE-AMB-800_800-1-430x430.jpg","image/jpeg","200","OK","Indexable","","0","0,055","",""
"https://www.casapy.com/wp-content/uploads/2026/01/B000483_CASAPY_VEGA_L_PORTLAND_SABLE_AMB1-1-430x430.jpg","image/jpeg","200","OK","Indexable","","0","0,057","",""
"https://www.casapy.com/wp-content/uploads/2025/11/coming-soon-430x430.png","image/png","200","OK","Indexable","","0","0,051","",""
"https://www.casapy.com/wp-content/uploads/2026/01/B000489_CASAPY_VEGA_XL_LINCOLN_ANTHRA_AMB-1-430x430.jpg","image/jpeg","200","OK","Indexable","","0","0,054","",""
"https://www.casapy.com/categorie-produit/les-alya/","text/html; charset=UTF-8","200","OK","Indexable","","197","4,292","",""
"https://www.pinterest.com/pin/create/button/?description=VEGA%20Portland%20–%20convertible%20Taille%20XL%20(6%20places)%20344×219&url=https://www.casapy.com/produit/canape-vega-xl-multifonction/&media=https://www.casapy.com/wp-content/uploads/2026/01/B000483_CASAPY_VEGA_L_PORTLAND_SABLE_AMB1-1.jpg","","0","Bloqué par robots.txt","Non indexable","Bloqué par robots.txt","17","","",""
"https://www.casapy.com/wp-content/uploads/2026/01/B000483_CASAPY_VEGA_L_PORTLAND_SABLE_AMB4-1-430x430.jpg","image/jpeg","200","OK","Indexable","","0","0,056","",""
"https://www.casapy.com/wp-content/uploads/2025/09/B001379_CASAPY_ALYA_XL_LINCOLN_PERLE_PANO_3QD-430x430.png","image/png","200","OK","Indexable","","0","0,050","",""
"https://www.casapy.com/produit/alya-riviera-convertible-taille-s-3-places-251x100/","text/html; charset=UTF-8","200","OK","Indexable","","111","3,619","",""
"https://www.pinterest.com/pin/create/button/?description=ALYA%20Lincoln%20–%20convertible%20Taille%20XL%20(6%20places)%20344×219&url=https://www.casapy.com/produit/alya-lincoln-convertible-taille-xl-6-places-344x219/&media=https://www.casapy.com/wp-content/uploads/2025/09/ALYA-XL-PERLE-AMB-800_800-1.jpg","","0","Bloqué par robots.txt","Non indexable","Bloqué par robots.txt","25","","",""
"https://www.casapy.com/wp-content/uploads/2025/09/B001534_CASAPY_ALYA_XL_LINCOLN_PERLE_PANO_FAC-430x430.jpg","image/jpeg","200","OK","Indexable","","0","0,035","",""
"https://www.casapy.com/wp-content/uploads/2026/01/B000495_CASAPY_VEGA_XL_LINCOLN_TERRA_AMB-1-430x430.jpg","image/jpeg","200","OK","Indexable","","0","0,051","",""
"https://www.pinterest.com/pin/create/button/?description=ALYA%20Boston%20–%20convertible%20Taille%20XL%20(6%20places)%20344×219&url=https://www.casapy.com/produit/alya-boston-convertible-taille-xl-6-places-344x219/&media=https://www.casapy.com/wp-content/uploads/2025/11/coming-soon.png","","0","Bloqué par robots.txt","Non indexable","Bloqué par robots.txt","22","","",""
"https://www.casapy.com/wp-content/uploads/2026/01/B001469_CASAPY_SIRIUS_XL_LINCOLN_PERLE_AMB4-430x430.jpg","image/jpeg","200","OK","Indexable","","0","0,075","",""
"https://www.casapy.com/categorie-produit/nos-tailles-xl-6-places/","text/html; charset=UTF-8","200","OK","Indexable","","130","7,671","",""
"https://www.pinterest.com/pin/create/button/?description=SIRIUS%20Boston%20–%20convertible%20Taille%20M%20(4%20places)%20255×148&url=https://www.casapy.com/produit/sirius-boston-convertible-taille-m-4-places-255x148/&media=https://www.casapy.com/wp-content/uploads/2025/11/A145045_CASAPY_SIRIUS_M_BOSTON_OCEAN_ANGLE_AMB2_800_800.jpg","","0","Bloqué par robots.txt","Non indexable","Bloqué par robots.txt","23","","",""
"https://www.casapy.com/wp-content/uploads/2026/01/ALYA-L-ACV-REV-PANO-BOSTON-BLACK-V4-500_500-430x430.jpg","image/jpeg","200","OK","Indexable","","0","0,021","",""
"https://www.casapy.com/wp-content/uploads/2026/02/B001513_CASAPY_ALYA_S_CV3_LINCOLN_KAKI_AMB-430x430.jpg","image/jpeg","200","OK","Indexable","","0","0,274","",""
"https://www.casapy.com/wp-content/uploads/2026/01/A145063_CASAPY_ALYA_L_LINCOLN_ANTHRA_AMB-430x430.jpg","image/jpeg","200","OK","Indexable","","0","0,052","",""
"https://www.casapy.com/wp-content/uploads/2026/02/A144126_CASAPY_SIRIUS_L_BOSTON_LG_AMB1-430x430.jpg","image/jpeg","200","OK","Indexable","","0","0,053","",""
"https://www.pinterest.com/pin/create/button/?description=SIRIUS%20Boston%20–%20convertible%20Taille%20S%20(3%20places)%20251×100&url=https://www.casapy.com/produit/sirius-boston-convertible-taille-s-3-places-251x100/&media=https://www.casapy.com/wp-content/uploads/2025/09/B001563_CASAPY_SIRIUS_S_BOSTON_LIGHTGREY_DROIT_3QD.png","","0","Bloqué par robots.txt","Non indexable","Bloqué par robots.txt","22","","",""
"https://www.casapy.com/cgv/","text/html; charset=UTF-8","200","OK","Indexable","","24","2,927","",""
"https://www.casapy.com/wp-content/uploads/2025/09/B001563_CASAPY_SIRIUS_S_BOSTON_LIGHTGREY_DROIT_3QD-430x430.png","image/png","200","OK","Indexable","","0","0,024","",""
"https://www.casapy.com/produit/alya-lincoln-convertible-taille-xl-6-places-344x219/","text/html; charset=UTF-8","200","OK","Indexable","","148","3,717","",""
"https://www.casapy.com/wp-content/uploads/2025/11/A145045_CASAPY_SIRIUS_M_BOSTON_OCEAN_ANGLE_SWATCH_800_800-430x430.jpg","image/jpeg","200","OK","Indexable","","0","0,085","",""
"https://www.casapy.com/wp-content/uploads/2025/11/A144187_CASAPY_ALYA_M_BOSTON_OCEAN_ANGLE_AMB1-800_800-430x430.jpg","image/jpeg","200","OK","Indexable","","0","0,021","",""
"https://www.pinterest.com/pin/create/button/?description=ALYA%20Lincoln%20–%20convertible%20Taille%20M%20(4%20places)%20255×148&url=https://www.casapy.com/produit/alya-lincoln-convertible-taille-m-4-places-255x148/&media=https://www.casapy.com/wp-content/uploads/2026/02/A144134_CASAPY_ALYA_M_LINCOLN_TERRA_AMB.jpg","","0","Bloqué par robots.txt","Non indexable","Bloqué par robots.txt","23","","",""
"https://www.pinterest.com/pin/create/button/?description=ALYA%20Lincoln%20–%20convertible%20Taille%20S%20(3%20places)%20251×100&url=https://www.casapy.com/produit/alya-lincoln-convertible-taille-s/&media=https://www.casapy.com/wp-content/uploads/2026/02/B001513_CASAPY_ALYA_S_CV3_LINCOLN_KAKI_AMB.jpg","","0","Bloqué par robots.txt","Non indexable","Bloqué par robots.txt","22","","",""
"https://www.casapy.com/wp-content/uploads/2026/01/B004575_CASAPY_CASADOG_WOUF_BOSTON_OCEAN_AMB.jpg","image/jpeg","200","OK","Indexable","","1","0,022","",""
"https://www.casapy.com/wp-content/uploads/2026/01/B004575_CASAPY_CASADOG_WOUF_BOSTON_OCEAN_AMB8.jpg","image/jpeg","200","OK","Indexable","","1","0,063","",""
"https://www.casapy.com/wp-content/uploads/2026/01/B004575_CASAPY_CASADOG_WOUF_BOSTON_OCEAN_SWATCH.jpg","image/jpeg","200","OK","Indexable","","1","0,057","",""
"https://www.casapy.com/wp-content/themes/woodmart/js/scripts/wc/woocommerceWrappTable.min.js?ver=7.5.1","application/javascript","200","OK","Indexable","","0","0,059","",""
"https://www.casapy.com/produit/canape-vega-xl-multifonction/","text/html; charset=UTF-8","200","OK","Indexable","","105","4,719","",""
"https://www.casapy.com/wp-content/themes/woodmart/css/parts/woo-page-my-account.min.css?ver=7.5.1","text/css","200","OK","Indexable","","0","0,072","",""
"https://www.casapy.com/produit/alya-boston-convertible-taille-xl-6-places-344x219/","text/html; charset=UTF-8","200","OK","Indexable","","133","4,640","",""
"https://www.casapy.com/wp-content/themes/woodmart/css/parts/woo-mod-grid.min.css?ver=7.5.1","text/css","200","OK","Indexable","","0","0,060","",""
"https://www.casapy.com/wp-content/themes/woodmart/js/scripts/wc/loginTabs.min.js?ver=7.5.1","application/javascript","200","OK","Indexable","","0","0,071","",""
"https://www.casapy.com/wp-content/themes/woodmart/css/parts/woo-page-login-register.min.css?ver=7.5.1","text/css","200","OK","Indexable","","0","0,058","",""
"https://www.casapy.com/wp-content/themes/woodmart/css/parts/woo-mod-shop-table.min.css?ver=7.5.1","text/css","200","OK","Indexable","","0","0,072","",""
"https://www.casapy.com/wp-content/plugins/woocommerce/assets/js/frontend/account-i18n.min.js?ver=10.5.1","application/javascript","200","OK","Indexable","","0","0,085","",""
"https://www.casapy.com/wp-content/plugins/woocommerce/assets/js/selectWoo/selectWoo.full.min.js?ver=1.0.9-wc.10.5.1","application/javascript","200","OK","Indexable","","0","0,064","",""
"https://www.casapy.com/wp-content/plugins/woocommerce/assets/css/select2.css?ver=10.5.1","text/css","200","OK","Indexable","","0","0,064","",""
"https://www.casapy.com/wp-content/themes/woodmart/css/parts/woo-lib-select2.min.css?ver=7.5.1","text/css","200","OK","Indexable","","0","0,063","",""
"https://www.casapy.com/wp-content/uploads/elementor/thumbs/Design-sans-titre-2025-08-05T113620.275-r9t4syajchj4udw13dsng5xeypl9l5c4he706ulofc.png","image/png","200","OK","Indexable","","0","0,066","",""
"https://www.casapy.com/wp-content/uploads/2025/09/B001534_CASAPY_ALYA_XL_LINCOLN_PERLE_PANO_FAC.jpg","image/jpeg","200","OK","Indexable","","1","0,064","",""
"https://www.casapy.com/wp-content/plugins/elementor-pro/assets/css/widget-animated-headline.min.css?ver=3.35.1","text/css","200","OK","Indexable","","0","0,070","",""
"https://www.casapy.com/wp-content/uploads/2026/01/A144090_Casapy_Sirius_L_Lincoln_TERRA_AMB1.jpg","image/jpeg","200","OK","Indexable","","2","0,071","",""
"https://www.casapy.com/wp-content/themes/woodmart/css/parts/woo-mod-order-details.min.css?ver=7.5.1","text/css","200","OK","Indexable","","0","0,300","",""
"https://www.casapy.com/wp-content/uploads/2026/01/A145063_CASAPY_ALYA_L_LINCOLN_ANTHRA_AMB.jpg","image/jpeg","200","OK","Indexable","","1","0,061","",""
"https://www.casapy.com/wp-content/uploads/2026/01/A145063_CASAPY_ALYA_L_LINCOLN_ANTHRA_AMB6.jpg","image/jpeg","200","OK","Indexable","","1","0,063","",""
"https://www.casapy.com/wp-content/uploads/2026/01/pins.png","image/png","200","OK","Indexable","","0","0,077","",""
"https://www.casapy.com/wp-content/uploads/2026/02/A145028_CASAPY-SIRIUS_M_LINCOLN_ANTHRA_AMB.jpg","image/jpeg","200","OK","Indexable","","1","0,069","",""
"https://www.casapy.com/wp-content/uploads/elementor/thumbs/PICTO-FRANCAIS-V1-1-r75ujtan7q7k8or4xiujz7vg4bu5kg0kawlzql6ga0.png","image/png","200","OK","Indexable","","0","0,060","",""
"https://www.casapy.com/wp-content/uploads/2025/11/A144187_CASAPY_ALYA_M_BOSTON_OCEAN_ANGLE_AMB1-800_800.jpg","image/jpeg","200","OK","Indexable","","2","0,096","",""
"https://www.casapy.com/wp-content/uploads/2025/09/ALYA-XL-PERLE-AMB-800_800-1.jpg","image/jpeg","200","OK","Indexable","","1","0,071","",""
"https://www.casapy.com/wp-content/uploads/elementor/thumbs/Design-sans-titre-2025-08-05T113143.985-r9t4g02l6nswvsp8ps9p3fksblf7j9x9dam65lsy5k.png","image/png","200","OK","Indexable","","0","0,063","",""
"https://www.casapy.com/wp-content/uploads/2026/02/B001513_CASAPY_ALYA_S_CV3_LINCOLN_KAKI_AMB3jpg.jpg","image/jpeg","200","OK","Indexable","","1","0,063","",""
"https://www.casapy.com/wp-content/uploads/2025/11/A145045_CASAPY_SIRIUS_M_BOSTON_OCEAN_ANGLE_SWATCH_800_800.jpg","image/jpeg","200","OK","Indexable","","1","0,066","",""
"https://www.casapy.com/wp-content/uploads/2025/11/A144187_CASAPY_ALYA_M_BOSTON_OCEAN_ANGLE_AMB3-800_800.jpg","image/jpeg","200","OK","Indexable","","1","0,061","",""
"https://www.casapy.com/wp-content/uploads/elementor/thumbs/PICTO-FRANCAIS-V1-r75uh7as8amvzojo6e7v1vlcpspg6pnelzdfqx1tk8.png","image/png","200","OK","Indexable","","0","0,069","",""
"https://www.casapy.com/wp-content/uploads/2026/02/A144126_CASAPY_SIRIUS_L_BOSTON_LG_AMB3.jpg","image/jpeg","200","OK","Indexable","","1","0,077","",""
"https://www.casapy.com/wp-content/uploads/2025/09/B001563_CASAPY_SIRIUS_S_BOSTON_LIGHTGREY_DROIT_FAC.png","image/png","200","OK","Indexable","","1","0,064","",""
"https://www.casapy.com/wp-content/uploads/elementor/css/custom-widget-icon-box.min.css?ver=1771237432","text/css","200","OK","Indexable","","0","0,069","",""
"https://www.casapy.com/wp-content/uploads/2026/01/A144090_Casapy_Sirius_L_Lincoln_TERRA_AMB3.jpg","image/jpeg","200","OK","Indexable","","1","0,064","",""
"https://www.casapy.com/wp-content/uploads/2025/09/ALYA-L-LINCOLN-ANTHRA-AMB-800_800.jpg","image/jpeg","200","OK","Indexable","","1","0,057","",""
"https://www.casapy.com/wp-content/uploads/2025/11/coming-soon.png","image/png","200","OK","Indexable","","1","0,060","",""
"https://www.casapy.com/wp-content/uploads/2025/11/A145045_CASAPY_SIRIUS_M_BOSTON_OCEAN_ANGLE_AMB2_800_800.jpg","image/jpeg","200","OK","Indexable","","1","0,071","",""
"https://www.casapy.com/wp-content/uploads/2026/01/ALYA-L-ACV-REV-PANO-BOSTON-BLACK-V4-500_500.jpg","image/jpeg","200","OK","Indexable","","1","0,094","",""
"https://www.casapy.com/wp-content/uploads/elementor/thumbs/Design-sans-titre-2025-08-05T143531.209-r9tcdyj0c798x5byxe3rn9t27jz58d5jcnfy41t97s.png","image/png","200","OK","Indexable","","0","0,070","",""
"https://www.casapy.com/wp-content/uploads/2025/09/B001379_CASAPY_ALYA_XL_LINCOLN_PERLE_PANO_3QD.png","image/png","200","OK","Indexable","","1","0,066","",""
"https://www.casapy.com/wp-content/uploads/2026/01/B001534_CASAPY_ALYA_S_BOSTON_LGREY_AMB.jpg","image/jpeg","200","OK","Indexable","","1","0,070","",""
"https://www.casapy.com/wp-content/uploads/2026/01/B001507_CASAPY_ALYA_S_CV3_RIVIERA_TAUPE_AMB2.jpg","image/jpeg","200","OK","Indexable","","1","0,071","",""
"https://www.casapy.com/wp-content/uploads/elementor/thumbs/Design-sans-titre-2025-08-05T143625.782-r9tcfbem7l45ovcyzz8d8xh13la8cmjkvdd72fss88.png","image/png","200","OK","Indexable","","0","0,064","",""
"https://www.casapy.com/wp-content/uploads/2026/01/CASAPY-VEGA-S-CV3-PORTLAND-CHARBON-AMB2.jpg","image/jpeg","200","OK","Indexable","","0","0,058","",""
"https://www.casapy.com/wp-content/uploads/2026/02/A144134_CASAPY_ALYA_M_LINCOLN_TERRA_AMB2.jpg","image/jpeg","200","OK","Indexable","","1","0,068","",""
"https://www.casapy.com/wp-content/uploads/2026/01/B001507_CASAPY_ALYA_S_CV3_RIVIERA_TAUPE_AMB.jpg","image/jpeg","200","OK","Indexable","","1","0,078","",""
"https://www.casapy.com/wp-content/uploads/2026/01/B001534_CASAPY_ALYA_S_BOSTON_LGREY_AMB3.jpg","image/jpeg","200","OK","Indexable","","1","0,063","",""
"https://www.casapy.com/wp-content/uploads/2026/02/A144134_CASAPY_ALYA_M_LINCOLN_TERRA_AMB.jpg","image/jpeg","200","OK","Indexable","","1","0,074","",""
"https://www.casapy.com/wp-content/uploads/2026/01/B000521_CASAPY_VEGA_XL_LINCOLN_PERLE_AMB.jpg","image/jpeg","200","OK","Indexable","","0","0,067","",""
"https://www.casapy.com/wp-content/uploads/elementor/css/post-27082.css?ver=1771268227","text/css","200","OK","Indexable","","0","0,067","",""
"https://www.casapy.com/wp-content/uploads/2025/09/B001563_CASAPY_SIRIUS_S_BOSTON_LIGHTGREY_DROIT_3QD.png","image/png","200","OK","Indexable","","2","0,074","",""
"https://www.pinterest.com/pin/create/button/?description=VEGA%20Lincoln%20–%20convertible%20taille%20M%20(4%20places)%20255×148&url=https://www.casapy.com/produit/vega-canape-m-multifonction/&media=https://www.casapy.com/wp-content/uploads/2026/01/A144233-VEGA-M-LINCOLN-TERRACOTTA_AMB1.jpg","","0","Bloqué par robots.txt","Non indexable","Bloqué par robots.txt","12","","",""
"https://www.casapy.com/wp-content/uploads/2026/02/B001513_CASAPY_ALYA_S_CV3_LINCOLN_KAKI_AMB.jpg","image/jpeg","200","OK","Indexable","","1","0,071","",""
"https://www.pinterest.com/pin/create/button/?description=VEGA%20Portland%20–%20convertible%20Taille%20L%20(5%20places)%20260×183&url=https://www.casapy.com/produit/vega-canape-l-multifonction/&media=https://www.casapy.com/wp-content/uploads/2025/11/B000393_CASAPY_VEGA_L_PORTLAND_MARINE_AMB.jpg","","0","Bloqué par robots.txt","Non indexable","Bloqué par robots.txt","14","","",""
"https://www.casapy.com/wp-content/uploads/2026/02/A144126_CASAPY_SIRIUS_L_BOSTON_LG_AMB1.jpg","image/jpeg","200","OK","Indexable","","1","0,069","",""
"https://www.casapy.com/wp-content/uploads/2026/01/A144229-VEGA-M-PORTLAND-SABLE_AMB-430x430.jpg","image/jpeg","200","OK","Indexable","","0","0,055","",""
"https://www.casapy.com/wp-content/uploads/2026/01/A144233-VEGA-M-LINCOLN-TERRACOTTA_AMB2-430x430.jpg","image/jpeg","200","OK","Indexable","","0","0,069","",""
"https://www.casapy.com/wp-content/themes/woodmart/css/parts/wd-search-results.min.css?ver=7.5.1","text/css","200","OK","Indexable","","0","0,068","",""
"https://www.casapy.com/wp-content/uploads/2025/11/B000393_CASAPY_VEGA_L_PORTLAND_MARINE_AMB2-430x430.jpg","image/jpeg","200","OK","Indexable","","0","0,063","",""
"https://www.casapy.com/wp-content/uploads/2025/11/B000393_CASAPY_VEGA_L_PORTLAND_MARINE_AMB-430x430.jpg","image/jpeg","200","OK","Indexable","","0","0,039","",""
"https://www.casapy.com/wp-content/uploads/2026/01/A144229-VEGA-M-PORTLAND-SABLE_AMB1-430x430.jpg","image/jpeg","200","OK","Indexable","","0","0,056","",""
"https://www.casapy.com/wp-content/uploads/2026/01/B000489_CASAPY_VEGA_XL_LINCOLN_ANTHRA_ZOOCOF-1-700x700.jpg","image/jpeg","200","OK","Indexable","","0","0,065","",""
"https://www.casapy.com/wp-content/uploads/2026/01/B000489_CASAPY_VEGA_XL_LINCOLN_ANTHRA_AMB-1-700x700.jpg","image/jpeg","200","OK","Indexable","","0","0,072","",""
"https://www.casapy.com/wp-content/uploads/2026/01/B000489_CASAPY_VEGA_XL_LINCOLN_ANTHRA_FACE_1-1.jpg","image/jpeg","200","OK","Indexable","","1","0,079","",""
"https://www.casapy.com/wp-content/uploads/2026/01/B000489_CASAPY_VEGA_XL_LINCOLN_ANTHRA_ZOOETIQ-1.jpg","image/jpeg","200","OK","Indexable","","1","0,064","",""
"https://www.casapy.com/wp-content/uploads/2026/01/B000489_CASAPY_VEGA_XL_LINCOLN_ANTHRA_COTDR-1.jpg","image/jpeg","200","OK","Indexable","","1","0,061","",""
"https://www.casapy.com/wp-content/uploads/2026/01/CASAPY-VEGA-S-CV3-PORTLAND-MARINE-AMB-1-430x430.jpg","image/jpeg","200","OK","Indexable","","0","0,063","",""
"https://www.casapy.com/wp-content/uploads/2026/01/B000489_CASAPY_VEGA_XL_LINCOLN_ANTHRA_FACE-1-700x700.jpg","image/jpeg","200","OK","Indexable","","0","0,068","",""
"https://www.casapy.com/produit/alya-convertible-taille-l-5-places-260x183-copie/","text/html; charset=UTF-8","200","OK","Indexable","","123","3,603","",""
"https://www.casapy.com/wp-content/uploads/2026/01/B000489_CASAPY_VEGA_XL_LINCOLN_ANTHRA_ZOOUSB-1.jpg","image/jpeg","200","OK","Indexable","","1","0,067","",""
"https://www.casapy.com/wp-content/uploads/2026/01/A144233-VEGA-M-LINCOLN-TERRACOTTA_AMB1-430x430.jpg","image/jpeg","200","OK","Indexable","","0","0,080","",""
"https://www.casapy.com/wp-content/uploads/2026/01/B000489_CASAPY_VEGA_XL_LINCOLN_ANTHRA_3QDOUVE-1-700x700.jpg","image/jpeg","200","OK","Indexable","","0","0,060","",""
"https://www.casapy.com/wp-content/uploads/2026/01/B000495_CASAPY_VEGA_XL_LINCOLN_TERRA_AMB-1-700x700.jpg","image/jpeg","200","OK","Indexable","","0","0,068","",""
"https://www.casapy.com/wp-content/uploads/2026/01/B000489_CASAPY_VEGA_XL_LINCOLN_ANTHRA_FACE_1-1-700x700.jpg","image/jpeg","200","OK","Indexable","","0","0,085","",""
"https://www.pinterest.com/pin/create/button/?description=SIRIUS%20L%20Lincoln%20–%20convertible%20Taille%20L%20(5%20places)%20260×183&url=https://www.casapy.com/produit/sirius-lincoln-convertible-taille-l-5-places-260x183/&media=https://www.casapy.com/wp-content/uploads/2026/01/A144090_Casapy_Sirius_L_Lincoln_TERRA_AMB1.jpg","","0","Bloqué par robots.txt","Non indexable","Bloqué par robots.txt","18","","",""
"https://www.casapy.com/wp-content/uploads/2026/02/A145028_CASAPY-SIRIUS_M_LINCOLN_ANTHRA_AMB-430x430.jpg","image/jpeg","200","OK","Indexable","","0","0,063","",""
"https://www.casapy.com/wp-content/uploads/2026/01/B000489_CASAPY_VEGA_XL_LINCOLN_ANTHRA_3QDOUVE-1.jpg","image/jpeg","200","OK","Indexable","","1","0,067","",""
"https://www.casapy.com/wp-content/uploads/2026/01/B000489_CASAPY_VEGA_XL_LINCOLN_ANTHRA_COTDR-1-700x700.jpg","image/jpeg","200","OK","Indexable","","0","0,071","",""
"https://www.casapy.com/wp-content/uploads/2026/01/B000489_CASAPY_VEGA_XL_LINCOLN_ANTHRA_ZOOUSB-1-700x700.jpg","image/jpeg","200","OK","Indexable","","0","0,064","",""
"https://www.pinterest.com/pin/create/button/?description=SIRIUS%20Lincoln%20–%20convertible%20Taille%20M%20(4%20places)%20255×148&url=https://www.casapy.com/produit/sirius-lincoln-convertible-taille-m-4-places-255x148/&media=https://www.casapy.com/wp-content/uploads/2026/02/A145028_CASAPY-SIRIUS_M_LINCOLN_ANTHRA_AMB.jpg","","0","Bloqué par robots.txt","Non indexable","Bloqué par robots.txt","16","","",""
"https://www.casapy.com/wp-content/themes/woodmart/css/parts/woo-mod-product-labels.min.css?ver=7.5.1","text/css","200","OK","Indexable","","0","0,058","",""
"https://www.casapy.com/wp-content/uploads/2026/01/B000489_CASAPY_VEGA_XL_LINCOLN_ANTHRA_ZOOCOF-1.jpg","image/jpeg","200","OK","Indexable","","1","0,062","",""
"https://www.casapy.com/wp-content/uploads/2026/01/B000489_CASAPY_VEGA_XL_LINCOLN_ANTHRA_3Q-1-700x700.jpg","image/jpeg","200","OK","Indexable","","0","0,066","",""
"https://www.casapy.com/wp-content/uploads/2026/01/CASAPY-VEGA-S-CV3-PORTLAND-MARINE-AMB2jpg-1-430x430.jpg","image/jpeg","200","OK","Indexable","","0","0,077","",""
"https://www.casapy.com/wp-content/uploads/2026/01/B000489_CASAPY_VEGA_XL_LINCOLN_ANTHRA_3Q-1.jpg","image/jpeg","200","OK","Indexable","","1","0,067","",""
"https://www.casapy.com/wp-content/uploads/2026/01/B000489_CASAPY_VEGA_XL_LINCOLN_ANTHRA_FACE-1.jpg","image/jpeg","200","OK","Indexable","","1","0,061","",""
"https://www.casapy.com/wp-content/uploads/2026/01/A144090_Casapy_Sirius_L_Lincoln_TERRA_AMB1-430x430.jpg","image/jpeg","200","OK","Indexable","","0","0,059","",""
"https://www.casapy.com/categorie-produit/tu-habites-un-appartement/page/2/","text/html; charset=UTF-8","200","OK","Indexable","","28","5,804","",""
"https://www.casapy.com/wp-content/uploads/2026/01/B000489_CASAPY_VEGA_XL_LINCOLN_ANTHRA_ZOOETIQ-1-700x700.jpg","image/jpeg","200","OK","Indexable","","0","0,021","",""
"https://www.casapy.com/wp-content/themes/woodmart/css/parts/woo-single-prod-el-reviews-style-1.min.css?ver=7.5.1","text/css","200","OK","Indexable","","0","0,058","",""
"https://www.casapy.com/wp-content/themes/woodmart/css/parts/lib-swiper-pagin.min.css?ver=7.5.1","text/css","200","OK","Indexable","","0","0,060","",""
"https://www.pinterest.com/pin/create/button/?description=SIRIUS%20Lincoln%20–%20convertible%20Taille%20S%20(3%20places)%20251×100&url=https://www.casapy.com/produit/sirius-lincoln-convertible-taille-s-3-places-251x100/&media=https://www.casapy.com/wp-content/uploads/2026/01/B00154_CASAPY_SIRIUS_S_CV3_LINCOLN_PERLE_01_AMB.jpg","","0","Bloqué par robots.txt","Non indexable","Bloqué par robots.txt","14","","",""
"https://www.casapy.com/wp-content/uploads/2025/03/Design-sans-titre-2025-03-20T135533.208-1-430x430.png","image/png","200","OK","Indexable","","0","0,054","",""
"https://www.casapy.com/wp-content/themes/woodmart/css/parts/woo-single-prod-el-base.min.css?ver=7.5.1","text/css","200","OK","Indexable","","0","0,059","",""
"https://www.pinterest.com/pin/create/button/?description=WOUF%20by%20CASAPY,%20le%20canapé%20pour%20chiens%20et%20chats.%20Déhoussable%2085cm%20x%2066cm&url=https://www.casapy.com/produit/wouf-by-casapy-le-canape-pour-chiens-et-chats-dehoussable-85cm-x-66cm/&media=https://www.casapy.com/wp-content/uploads/2026/01/B004575_CASAPY_CASADOG_WOUF_BOSTON_OCEAN_AMB8.jpg","","0","Bloqué par robots.txt","Non indexable","Bloqué par robots.txt","8","","",""
"https://www.casapy.com/wp-content/uploads/2026/01/B004575_CASAPY_CASADOG_WOUF_BOSTON_LIGHT-GREY_SWATCH-430x430.jpg","image/jpeg","200","OK","Indexable","","0","0,081","",""
"https://www.casapy.com/wp-content/uploads/2026/01/B000356__CASAPY_VEGA_L_LINCOLN_KAKI_AMB2-430x430.jpg","image/jpeg","200","OK","Indexable","","0","0,063","",""
"https://www.casapy.com/wp-content/uploads/2026/01/B004575_CASAPY_CASADOG_WOUF_BOSTON_OCEAN_AMB8-430x430.jpg","image/jpeg","200","OK","Indexable","","0","0,055","",""
"https://www.casapy.com/wp-content/themes/woodmart/css/parts/woo-single-prod-el-navigation.min.css?ver=7.5.1","text/css","200","OK","Indexable","","0","0,027","",""
"https://www.casapy.com/wp-content/themes/woodmart/css/parts/woo-single-prod-opt-base.min.css?ver=7.5.1","text/css","200","OK","Indexable","","0","0,088","",""
"https://www.casapy.com/wp-content/themes/woodmart/js/scripts/wc/initZoom.min.js?ver=7.5.1","application/javascript","200","OK","Indexable","","0","0,057","",""
"https://www.casapy.com/wp-content/uploads/2026/01/B000356__CASAPY_VEGA_L_LINCOLN_KAKI_AMB-430x430.jpg","image/jpeg","200","OK","Indexable","","0","0,059","",""
"https://www.casapy.com/produit/vega-canape-m-multifonction/","text/html; charset=UTF-8","200","OK","Indexable","","83","3,524","",""
"https://cdn.jsdelivr.net/npm/@alma/widgets@4.X.X/dist/widgets.umd.js?ver=4.x.x","application/javascript; charset=utf-8","200","OK","Indexable","","0","0,030","",""
"https://www.casapy.com/wp-content/themes/woodmart/css/parts/el-social-icons.min.css?ver=7.5.1","text/css","200","OK","Indexable","","0","0,027","",""
"https://www.casapy.com/wp-content/themes/woodmart/css/parts/woo-single-prod-el-tabs-predefined.min.css?ver=7.5.1","text/css","200","OK","Indexable","","0","0,025","",""
"https://www.casapy.com/produit/sirius-lincoln-convertible-taille-m-4-places-255x148/","text/html; charset=UTF-8","200","OK","Indexable","","88","3,602","",""
"https://www.casapy.com/wp-content/themes/woodmart/css/parts/mod-comments.min.css?ver=7.5.1","text/css","200","OK","Indexable","","0","0,090","",""
"https://www.casapy.com/wp-content/themes/woodmart/css/parts/woo-single-prod-el-gallery-opt-thumb-grid.min.css?ver=7.5.1","text/css","200","OK","Indexable","","0","0,064","",""
"https://www.casapy.com/wp-content/themes/woodmart/css/parts/woo-single-prod-predefined.min.css?ver=7.5.1","text/css","200","OK","Indexable","","0","0,079","",""
"https://www.casapy.com/produit/vega-canape-l-multifonction/","text/html; charset=UTF-8","200","OK","Indexable","","90","4,773","",""
"https://www.casapy.com/wp-content/themes/woodmart/js/scripts/wc/trackProductViewed.min.js?ver=7.5.1","application/javascript","200","OK","Indexable","","0","0,024","",""
"https://www.casapy.com/wp-content/plugins/woocommerce/assets/js/zoom/jquery.zoom.min.js?ver=1.7.21-wc.10.5.1","application/javascript","200","OK","Indexable","","0","0,072","",""
"https://www.casapy.com/wp-content/themes/woodmart/js/libs/sticky-kit.min.js?ver=7.5.1","application/javascript","200","OK","Indexable","","0","0,058","",""
"https://www.casapy.com/wp-content/plugins/woocommerce/assets/js/frontend/single-product.min.js?ver=10.5.1","application/javascript","200","OK","Indexable","","0","0,062","",""
"https://www.casapy.com/wp-content/uploads/2026/01/B004575_CASAPY_CASADOG_WOUF_BOSTON_OCEAN_AMB-430x430.jpg","image/jpeg","200","OK","Indexable","","0","0,086","",""
"https://www.casapy.com/wp-content/themes/woodmart/css/parts/woo-single-prod-el-gallery.min.css?ver=7.5.1","text/css","200","OK","Indexable","","0","0,058","",""
"https://www.casapy.com/wp-content/themes/woodmart/js/scripts/wc/productImages.min.js?ver=7.5.1","application/javascript","200","OK","Indexable","","0","0,059","",""
"https://www.casapy.com/wp-content/themes/woodmart/js/scripts/wc/stickyDetails.min.js?ver=7.5.1","application/javascript","200","OK","Indexable","","0","0,081","",""
"https://www.casapy.com/wp-content/uploads/woocommerce-placeholder-700x700.png","image/png","200","OK","Indexable","","1","0,082","",""
"https://www.casapy.com/wp-includes/js/comment-reply.min.js?ver=e310936bab63c8ded3cb4f508f152b44","application/javascript","200","OK","Indexable","","0","0,088","",""
"https://www.casapy.com/wp-content/uploads/2026/01/B00154_CASAPY_SIRIUS_S_CV3_LINCOLN_PERLE_01_AMB-430x430.jpg","image/jpeg","200","OK","Indexable","","0","0,058","",""
"https://www.casapy.com/produit/sirius-lincoln-convertible-taille-l-5-places-260x183/","text/html; charset=UTF-8","200","OK","Indexable","","113","3,738","",""
"https://www.casapy.com/wp-content/themes/woodmart/css/parts/el-accordion.min.css?ver=7.5.1","text/css","200","OK","Indexable","","0","0,063","",""
"https://www.casapy.com/wp-content/themes/woodmart/js/scripts/wc/woocommerceComments.min.js?ver=7.5.1","application/javascript","200","OK","Indexable","","0","0,070","",""
"https://www.casapy.com/wp-content/themes/woodmart/css/parts/woo-single-prod-el-reviews.min.css?ver=7.5.1","text/css","200","OK","Indexable","","0","0,082","",""
"https://www.casapy.com/wp-content/themes/woodmart/css/parts/woo-single-prod-and-quick-view-predefined.min.css?ver=7.5.1","text/css","200","OK","Indexable","","0","0,061","",""
"https://www.casapy.com/wp-content/uploads/2026/01/B004575_CASAPY_CASADOG_WOUF_BOSTON_BLACK_SWATCH-430x430.jpg","image/jpeg","200","OK","Indexable","","0","0,087","",""
"https://www.casapy.com/wp-content/uploads/2026/01/B00154_CASAPY_SIRIUS_S_CV3_LINCOLN_PERLE_01_AMB3-430x430.jpg","image/jpeg","200","OK","Indexable","","0","0,093","",""
"https://www.casapy.com/wp-content/themes/woodmart/js/scripts/wc/singleProductTabsAccordion.min.js?ver=7.5.1","application/javascript","200","OK","Indexable","","0","0,099","",""
"https://www.casapy.com/wp-content/uploads/2026/02/A145199-B00_CASAPY_VEGA_S-CV3_LINCOLN_TERRA_AMB6-430x430.jpg","image/jpeg","200","OK","Indexable","","0","0,073","",""
"https://www.casapy.com/wp-content/themes/woodmart/css/parts/woo-mod-variation-form-single.min.css?ver=7.5.1","text/css","200","OK","Indexable","","0","0,068","",""
"https://www.casapy.com/wp-content/themes/woodmart/js/scripts/wc/productReviews.min.js?ver=7.5.1","application/javascript","200","OK","Indexable","","0","0,058","",""
"https://www.casapy.com/wp-content/themes/woodmart/js/scripts/elements/accordion.min.js?ver=7.5.1","application/javascript","200","OK","Indexable","","0","0,076","",""
"https://www.casapy.com/wp-content/plugins/alma-gateway-for-woocommerce/assets/js/alma-widgets-inject.js?ver=5.16.2","application/javascript","200","OK","Indexable","","0","0,075","",""
"https://www.casapy.com/wp-content/themes/woodmart/css/parts/woo-mod-shop-attributes.min.css?ver=7.5.1","text/css","200","OK","Indexable","","0","0,072","",""
"https://www.casapy.com/wp-content/uploads/2026/01/B004575_CASAPY_CASADOG_WOUF_BOSTON_ASH_SWATCH-430x430.jpg","image/jpeg","200","OK","Indexable","","0","0,067","",""
"https://www.pinterest.com/pin/create/button/?description=ALYA%20Boston%20–%20convertible%20Taille%20S%20(3%20places)%20251×100&url=https://www.casapy.com/produit/alya-boston-convertible-taille-s-3-places-251x100/&media=https://www.casapy.com/wp-content/uploads/2026/01/B001534_CASAPY_ALYA_S_BOSTON_LGREY_AMB.jpg","","0","Bloqué par robots.txt","Non indexable","Bloqué par robots.txt","17","","",""
"https://www.casapy.com/wp-content/uploads/2026/02/A144126_CASAPY_SIRIUS_L_BOSTON_LG_AMB3-430x430.jpg","image/jpeg","200","OK","Indexable","","0","0,095","",""
"https://www.casapy.com/wp-content/uploads/2025/09/B001563_CASAPY_SIRIUS_S_BOSTON_LIGHTGREY_DROIT_FAC-430x430.png","image/png","200","OK","Indexable","","0","0,082","",""
"https://www.pinterest.com/pin/create/button/?description=ALYA%20Boston%20–%20convertible%20Taille%20M%20(4%20places)%20255×148&url=https://www.casapy.com/produit/alya-boston-convertible-taille-m-4-places-255x148/&media=https://www.casapy.com/wp-content/uploads/2025/11/A144187_CASAPY_ALYA_M_BOSTON_OCEAN_ANGLE_AMB1-800_800.jpg","","0","Bloqué par robots.txt","Non indexable","Bloqué par robots.txt","20","","",""
"https://www.casapy.com/wp-content/uploads/2026/02/A144134_CASAPY_ALYA_M_LINCOLN_TERRA_AMB2-430x430.jpg","image/jpeg","200","OK","Indexable","","0","0,075","",""
"https://www.casapy.com/wp-content/uploads/2026/01/B001534_CASAPY_ALYA_S_BOSTON_LGREY_AMB3-430x430.jpg","image/jpeg","200","OK","Indexable","","0","0,066","",""
"https://www.casapy.com/wp-content/uploads/2026/01/A145063_CASAPY_ALYA_L_LINCOLN_ANTHRA_AMB6-430x430.jpg","image/jpeg","200","OK","Indexable","","0","0,077","",""
"https://www.casapy.com/wp-content/themes/woodmart/js/scripts/wc/productsLoadMore.min.js?ver=7.5.1","application/javascript","200","OK","Indexable","","0","0,055","",""
"https://www.casapy.com/wp-content/uploads/2026/01/B001534_CASAPY_ALYA_S_BOSTON_LGREY_AMB-430x430.jpg","image/jpeg","200","OK","Indexable","","0","0,058","",""
"https://www.casapy.com/produit/sirius-lincoln-convertible-taille-s-3-places-251x100/","text/html; charset=UTF-8","200","OK","Indexable","","93","3,917","",""
"https://www.casapy.com/produit/sirius-boston-convertible-taille-l-5-places-260x183/","text/html; charset=UTF-8","200","OK","Indexable","","126","3,604","",""
"https://www.casapy.com/wp-content/uploads/2025/09/ALYA-L-LINCOLN-ANTHRA-AMB-800_800-430x430.jpg","image/jpeg","200","OK","Indexable","","0","0,024","",""
"https://www.casapy.com/produit/alya-lincoln-convertible-taille-m-4-places-255x148/","text/html; charset=UTF-8","200","OK","Indexable","","138","3,623","",""
"https://www.casapy.com/wp-content/uploads/2026/02/A144134_CASAPY_ALYA_M_LINCOLN_TERRA_AMB-430x430.jpg","image/jpeg","200","OK","Indexable","","0","0,024","",""
"https://www.casapy.com/wp-content/uploads/2025/11/A145045_CASAPY_SIRIUS_M_BOSTON_OCEAN_ANGLE_AMB2_800_800-430x430.jpg","image/jpeg","200","OK","Indexable","","0","0,021","",""
"https://www.casapy.com/wp-content/uploads/2025/11/A144187_CASAPY_ALYA_M_BOSTON_OCEAN_ANGLE_AMB3-800_800-430x430.jpg","image/jpeg","200","OK","Indexable","","0","0,055","",""
"https://www.casapy.com/wp-content/uploads/2026/02/B001513_CASAPY_ALYA_S_CV3_LINCOLN_KAKI_AMB3jpg-430x430.jpg","image/jpeg","200","OK","Indexable","","0","0,059","",""
"https://www.casapy.com/produit/alya-boston-convertible-taille-m-4-places-255x148/","text/html; charset=UTF-8","200","OK","Indexable","","123","3,826","",""
"https://www.pinterest.com/pin/create/button/?description=ALYA%20Boston%20–%20convertible%20Taille%20L%20(5%20places)%20260×183&url=https://www.casapy.com/produit/alya-convertible-taille-l-5-places-260x183-copie/&media=https://www.casapy.com/wp-content/uploads/2025/09/ALYA-L-LINCOLN-ANTHRA-AMB-800_800.jpg","","0","Bloqué par robots.txt","Non indexable","Bloqué par robots.txt","20","","",""
"https://www.casapy.com/produit/sirius-boston-convertible-taille-s-3-places-251x100/","text/html; charset=UTF-8","200","OK","Indexable","","133","4,623","",""
"https://www.pinterest.com/pin/create/button/?description=ALYA%20Lincoln%20–%20convertible%20Taille%20L%20(5%20places)%20260×183&url=https://www.casapy.com/produit/alya-lincoln-convertible-taille-l-5-places-260x183/&media=https://www.casapy.com/wp-content/uploads/2026/01/A145063_CASAPY_ALYA_L_LINCOLN_ANTHRA_AMB.jpg","","0","Bloqué par robots.txt","Non indexable","Bloqué par robots.txt","17","","",""
"https://www.pinterest.com/pin/create/button/?description=SIRIUS%20Boston%20–%20convertible%20Taille%20L%20(5%20places)%20260×183&url=https://www.casapy.com/produit/sirius-boston-convertible-taille-l-5-places-260x183/&media=https://www.casapy.com/wp-content/uploads/2026/02/A144126_CASAPY_SIRIUS_L_BOSTON_LG_AMB1.jpg","","0","Bloqué par robots.txt","Non indexable","Bloqué par robots.txt","20","","",""
"https://www.casapy.com/produit/sirius-boston-convertible-taille-m-4-places-255x148/","text/html; charset=UTF-8","200","OK","Indexable","","138","3,606","",""
"https://www.casapy.com/produit/alya-boston-convertible-taille-s-3-places-251x100/","text/html; charset=UTF-8","200","OK","Indexable","","108","3,639","",""
"https://www.casapy.com/produit/alya-lincoln-convertible-taille-s/","text/html; charset=UTF-8","200","OK","Indexable","","133","4,707","",""
"https://www.casapy.com/produit/alya-lincoln-convertible-taille-l-5-places-260x183/","text/html; charset=UTF-8","200","OK","Indexable","","108","4,725","",""
