"Chemin d'accès 1","Chemin d'accès 2","Chemin d'accès 3","URL","Indexable","Non indexable"
"https/","","","480","409","71"
"","www.rougier-ple.fr/","","480","409","71"
"","","phproduct/","62","62","0"
"","","library/","52","52","0"
"","","VAD/","24","21","3"
"","","beaux-arts/","5","5","0"
"","","loisirs-creatifs/","2","1","1"
"","","peinture-1584.r.html","1","0","1"
"","","modes-paiement.r.html","1","1","0"
"","","peinture-textile.r.html","1","1","0"
"","","medium-additif-pigment.r.html","1","1","0"
"","","craie-ardoise-enfant.r.html","1","1","0"
"","","chassis-sur-mesure.r.html","1","1","0"
"","","peinture-aquarelle.r.html","1","1","0"
"","","impression-fine-art.r.html","1","0","1"
"","","livre-artisanat-art.r.html","1","1","0"
"","","peinture-1597.r.html","1","1","0"
"","","linogravure.r.html","1","1","0"
"","","planche-dessin-compas-equerre.r.html","1","1","0"
"","","cahier-de-coloriage.r.html","1","1","0"
"","","marques/","1","1","0"
"","","confection-bricolage-enfant.r.html","1","1","0"
"","","jeux-societe.r.html","1","1","0"
"","","enfant-vernis-papier-decopatch.r.html","1","1","0"
"","","couture-mode.r.html","1","1","0"
"","","jesmonite.r.html","1","1","0"
"","","fil-metallique.r.html","1","1","0"
"","","coffret-arts-graphiques.r.html","1","1","0"
"","","platre-1787.r.html","1","1","0"
"","","aquarelle-miel.r.html","1","1","0"
"","","stylo-effacable.r.html","1","1","0"
"","","livre-beaux-arts.r.html","1","1","0"
"","","livre-loisir.r.html","1","1","0"
"","","gommette-sticker.r.html","1","1","0"
"","","carnet-de-croquis-1586.r.html","1","1","0"
"","","impression.r.html","1","1","0"
"","","machine-de-decoupe.r.html","1","1","0"
"","","perle-bijou.r.html","1","1","0"
"","","tranchefile-signet-1595.r.html","1","1","0"
"","","faber-castell.r.html","1","1","0"
"","","carte-enveloppe-bloc.r.html","1","1","0"
"","","plume-pompon-paillette.r.html","1","1","0"
"","","les-marques.r.html","1","1","0"
"","","encre-de-chine-2997.r.html","1","1","0"
"","","aerographie.r.html","1","1","0"
"","","sac-artiste-carton-dessin-1588.r.html","1","1","0"
"","","cricut-autopress-professionnelle.r.html","1","1","0"
"","","peinture-gouache.r.html","1","1","0"
"","","stylo-quatre-couleurs.r.html","1","1","0"
"","","reliure.r.html","1","1","0"
"","","faq.r.html","1","1","0"
"","","enfant-deco-anniversaire.r.html","1","1","0"
"","","book.r.html","1","1","0"
"","","pate-modeler-1598.r.html","1","1","0"
"","","papier-technique.r.html","1","1","0"
"","","accessoire-arts-graphiques.r.html","1","1","0"
"","","gomme-1591.r.html","1","1","0"
"","","encadrement/","1","1","0"
"","","cyanotype.r.html","1","1","0"
"","","colle-adhesif.r.html","1","1","0"
"","","cosmetiques.r.html","1","1","0"
"","","puzzle-enfants.r.html","1","1","0"
"","","crayon-de-couleur-feutre.r.html","1","1","0"
"","","peinture-chaussures-vetements.r.html","1","1","0"
"","","chevalet-1587.r.html","1","1","0"
"","","dessin-technique.r.html","1","1","0"
"","","pastel-1589.r.html","1","1","0"
"","","silicone-latex.r.html","1","1","0"
"","","calame.r.html","1","1","0"
"","","regle-reglet-echelle.r.html","1","1","0"
"","","entreprise.r.html","1","1","0"
"","","format-raisin.r.html","1","1","0"
"","","paques.r.html","1","1","0"
"","","peinture-huile.r.html","1","1","0"
"","","peinture-par-numero.r.html","1","1","0"
"","","posca-1315.r.html","1","1","0"
"","","materiel-architecture.r.html","1","1","0"
"","","ciseaux-colle.r.html","1","1","0"
"","","moule-resine.r.html","1","1","0"
"","","presse.r.html","1","1","0"
"","","magasins.r.html","1","1","0"
"","","objets-decorer-bois-papier-mache.r.html","1","1","0"
"","","crea-1257.r.html","1","1","0"
"","","crayon-porte-mine-mine.r.html","1","1","0"
"","","pastel.r.html","1","1","0"
"","","plan-du-site.r.html","1","1","0"
"","","calligraphie.r.html","1","1","0"
"","","paiement-securise.r.html","1","1","0"
"","","porte-mine-etui-mine.r.html","1","1","0"
"","","sac-de-transport-carton-dessin-tube.r.html","1","1","0"
"","","reception.r.html","1","1","0"
"","","trousse-2996.r.html","1","1","0"
"","","restauration.r.html","1","1","0"
"","","papier-reliure.r.html","1","1","0"
"","","herbier-jeu-exploration.r.html","1","1","0"
"","","stylo-stylo-plume.r.html","1","1","0"
"","","accessoire-encadrement.r.html","1","1","0"
"","","feutre-marqueur.r.html","1","1","0"
"","","les-marques/","1","1","0"
"","","livre.r.html","1","1","0"
"","","cadre-sous-verre.r.html","1","1","0"
"","","scrapbooking.r.html","1","1","0"
"","","feutres-alcool.r.html","1","1","0"
"","","loisirs-argile-autodurcissante.r.html","1","1","0"
"","","peinture-acrylique.r.html","1","1","0"
"","","contact.r.html","1","1","0"
"","","meilleures-ventes2.r.html","1","1","0"
"","","cartable.r.html","1","1","0"
"","","sennelier.r.html","1","1","0"
"","","plume-calame.r.html","1","1","0"
"","","nouveautes2.r.html","1","1","0"
"","","modelage-fimo-pate-modeler-loisir.r.html","1","1","0"
"","","aerographe-compresseur.r.html","1","1","0"
"","","les-marques-rougier-ple.r.html","1","1","0"
"","","peluche-poupee-diy.r.html","1","1","0"
"","","decoupage-pliage-gomette.r.html","1","1","0"
"","","meilleures-ventes-beaux-arts.r.html","1","1","0"
"","","carte-gratter-carte-pailleter.r.html","1","1","0"
"","","vernis-colle-pinceau-1592.r.html","1","1","0"
"","","coloriages-mysteres.r.html","1","1","0"
"","","conditions-generales-vente.r.html","1","1","0"
"","","encre-1596.r.html","1","1","0"
"","","carterie-creative.r.html","1","1","0"
"","","tableau-creatif-enfant.r.html","1","1","0"
"","","cuir-1594.r.html","1","1","0"
"","","enfant-perle-bijoux.r.html","1","1","0"
"","","enfant-fournitures-papeterie.r.html","1","1","0"
"","","loisirs-creatifs-plume.r.html","1","1","0"
"","","programme-fidelite.html.r.html","1","1","0"
"","","vernis-patine.r.html","1","1","0"
"","","adhesifs-masking-tape.r.html","1","1","0"
"","","agenda-calendrier.r.html","1","1","0"
"","","pyrogravure.r.html","1","1","0"
"","","feutrine-mousse-creative-enfant.r.html","1","1","0"
"","","stylo-stylo-feutre.r.html","1","1","0"
"","","alginate-moulage.r.html","1","1","0"
"","","modelage.r.html","1","1","0"
"","","papier-de-soie-crepon.r.html","1","1","0"
"","","fusain-crayon-porte-mine.r.html","1","1","0"
"","","decopatch.r.html","1","1","0"
"","","feutre-surligneur.r.html","1","1","0"
"","","confection-abat-jour.r.html","1","1","0"
"","","moule-gateau-deco-enfant.r.html","1","1","0"
"","","petites-fournitures.r.html","1","1","0"
"","","papier-1585.r.html","1","1","0"
"","","coffret-beaux-arts.r.html","1","1","0"
"","","embellissement-ruban-noeud.r.html","1","1","0"
"","","book-nook.r.html","1","1","0"
"","","chassis-toile.r.html","1","1","0"
"","","perles-repasser-support.r.html","1","1","0"
"","","ciseaux-cutter.r.html","1","1","0"
"","","peinture-pochoirs-tampons.r.html","1","1","0"
"","","pate-polymere-fimo-1593.r.html","1","1","0"
"","","maquillage.r.html","1","1","0"
"","","argile.r.html","1","1","0"
"","","moulage-enfant.r.html","1","1","0"
"","","calculatrice.r.html","1","1","0"
"","","canson.r.html","1","1","0"
"","","outil-modelage-sculpture-professionnel.r.html","1","1","0"
"","","pyrograveur-pointe.r.html","1","1","0"
"","","devis-bon-commande.r.html","1","1","0"
"","","promotions2.r.html?f=att_628:9862","1","0","1"
"","","boite-pastels.r.html","1","1","0"
"","","accessoire-beaux-arts.r.html","1","1","0"
"","","encre-1735.r.html","1","1","0"
"","","coloriage-adulte.r.html","1","1","0"
"","","peinture-deco.r.html","1","1","0"
"","","fournitures-de-bureau.r.html","1","1","0"
"","","newsletter.r.html","1","1","0"
"","","cutter-ciseaux-lame.r.html","1","1","0"
"","","chambre-enfant-deco.r.html","1","1","0"
"","","enfant-masque-deguisement.r.html","1","1","0"
"","","feuilles-dorer.r.html","1","1","0"
"","","mentions-legales.r.html","1","1","0"
"","","promotions2.r.html","1","1","0"
"","","crayon-de-couleur-1590.r.html","1","1","0"
"","","la-livraison.r.html","1","1","0"
"","","maquettisme.r.html","1","1","0"
"","","papeterie-scolaire-familiale.r.html","1","1","0"
"","","carte-enveloppe-papier.r.html","1","1","0"
"","","papeterie/","1","1","0"
"","","papier-decoratif-papier-decopatch.r.html","1","1","0"
"","","librairie-beaux-arts-loisirs-creatifs.r.html","1","1","0"
"","","enfant-maquette-construction.r.html","1","1","0"
"","","carcasse-abat-jour-polyphane.r.html","1","1","0"
"","","normographe.r.html","1","1","0"
"","","carton-plume-carton-mousse-carton-gris-carton-bois.r.html","1","1","0"
"","","adhesif.r.html","1","1","0"
"","","protection-donnees-personnelles-privee.r.html","1","1","0"
"","","fetes-maquillage.r.html","1","1","0"
"","","modelage-pate-modeler.r.html","1","1","0"
"","","enfant-objet-decorer.r.html","1","1","0"
"","","enfant-customisation.r.html","1","1","0"
"","","tampons-encreur-poudre-paillette.r.html","1","0","1"
"","","feutre-acrylique.r.html","1","0","1"
"","","papier-kraft-2998.r.html","1","1","0"
"","","resine.r.html","1","1","0"
"","","livre-arts-graphiques.r.html","1","0","1"
"","","baguette-balsa-tube.r.html","1","0","1"
"","","gomme-mie-de-pain-2995.r.html","1","0","1"
"","","dessin-coloriage.r.html","1","0","1"
"","","palette.r.html","1","0","1"
"","","gomme.r.html","1","0","1"
"","","dessin-artistique.r.html","1","0","1"
"","","maquillage-professionnel-effets-speciaux.r.html","1","0","1"
"","","carton-toile-arboard.r.html","1","0","1"
"","","classeur-et-archivage.r.html","1","0","1"
"","","carnet-de-note-1605.r.html","1","0","1"
"","","pinceau-couteau-peindre.r.html","1","0","1"
"","","perles-hama.r.html","1","0","1"
"","","encadrement.r.html","1","0","1"
"","","enfant-origami-papier.r.html","1","0","1"
"","","coffret-cadeau-loisir.r.html","1","0","1"
"","","vernis-fixatif.r.html","1","0","1"
"","","coffret-enfant.r.html","1","0","1"
"","","origami-kirigami-quilling-pliage-papier.r.html","1","0","1"
"","","bd-manga-illustration.r.html","1","1","0"
"","","tissu-feutrine-chenille.r.html","1","1","0"
"","","origami-1599.r.html","1","1","0"
"","","puzzle.r.html","1","1","0"
"","","moulage.r.html","1","1","0"
"","","peinture-tout-support.r.html","1","0","1"
"","","cahier-copies-bloc.r.html","1","0","1"
"","","beaux-arts-rendez-vous-promotion.r.html","1","0","1"
"","","pate-modeler-art-professionnelle.r.html","1","1","0"
"","","bombe-de-peinture-2994.r.html","1","0","1"
"","","toile-696.r.html","1","0","1"
"","","mini-toile-avec-chevalet-de-presentation-6-8-cm-rougier-ple.r.html","1","1","0"
"","","plastique-fou.r.html","1","0","1"
"","","toile-polyester-grain-fin.r.html","1","1","0"
"","","pinceau-rouleau-peinture.r.html","1","0","1"
"","","papier-bristol.r.html","1","0","1"
"","","raphael.r.html","1","0","1"
"","","toile-enduite-en-coton-au-metre-hauteur-2-10-m.r.html","1","1","0"
"","","toile-coton-rouleau-de-1-8-5-m.r.html","1","1","0"
"","","toile-polycoton-rouleau-1-8-5-m.r.html","1","1","0"
"","","toile-enduite-en-lin-au-metre-hauteur-2-10-m.r.html","1","1","0"
"","","rouleau-de-toile-fine-en-coton-synthetique-10-1-5-m.r.html","1","1","0"
"","","rouleau-de-toile-fine-en-coton-synthetique-10-1-m.r.html","1","1","0"
"","","cles-de-tension-pour-chassis-10-pcs.r.html","1","1","0"
"","","entretoise-pour-chassis.r.html","1","1","0"
"","","baguette-pour-chassis.r.html","1","1","0"
"","","marteau-pane-plate-16-mm.r.html","1","1","0"
"","","pave-aquarellable-4.45-5-cm.r.html","1","1","0"
"","","ardoise-blanche-1-face-quadrillee-seyes-18-5-26-cm.r.html","1","1","0"
"","","ardoise-blanche-pour-marqueurs-18.5-26-cm.r.html","1","1","0"
"","","craie-auto-effacable-pour-tissus-sombres.r.html","1","1","0"
"","","tableau-double-face-ardoise/","1","1","0"
"","","bte-10-craies-anti-poussiere-blanches.r.html","1","1","0"
"","","ardoise-naturelle-18-26-cm-cadre-bois.r.html","1","1","0"
"","","craie-auto-effacable-pour-tissus-clairs.r.html","1","1","0"
"","","ardoise-velleda-19x26cm-avec-feutre-et-eponge.r.html","1","1","0"
"","","bte-10-craies-anti-poussiere-assort.r.html","1","1","0"
"","","medium-peindre-vibert-250ml.r.html","1","1","0"
"","","medium-peindre-vibert-75ml.r.html","1","1","0"
"","","vernis-anti-uv-mat-250-ml.r.html","1","1","0"
"","","huile-de-lin-clarifiee-250ml.r.html","1","1","0"
"","","liquide-nettoyer-les-brosses-75-ml.r.html","1","1","0"
"","","essence-de-terebenthine-250ml.r.html","1","1","0"
"","","la-rentree-des-grands.r.html","1","0","1"
"","","medium-huile-uf-75ml.r.html","1","1","0"
"","","medium-additif-pigment.r.html?page=5","1","0","1"
"","","medium-additif-pigment.r.html?page=4","1","0","1"
"","","medium-additif-pigment.r.html?page=3","1","0","1"
"","","essence-sans-odeur-250-ml.r.html","1","1","0"
"","","huile-cuite-standolie-brillant-lb-250-ml.r.html","1","1","0"
"","","siccatif-pour-huile-flamand-sans-plomb-250ml.r.html","1","1","0"
"","","arts-graphiques/","1","0","1"
"","","medium-additif-pigment.r.html?page=2","1","0","1"
"","","medium-peindre-mat-lb-75-ml.r.html","1","1","0"
"","","additif-vernis-retoucher-viber-75ml.r.html","1","1","0"
"","","medium-alkyde-satine-lb-250-ml.r.html","1","1","0"
"","","essence-sans-odeur-1-l.r.html","1","1","0"
"","","huile-cuite-standolie-75-ml.r.html","1","1","0"
"","","peinture-verre-vitrail.r.html","1","0","1"
"","","essence-aspic-75ml.r.html","1","1","0"
"","","dessin-lampe.r.html","1","0","1"
"","","album-photo.r.html","1","0","1"
"","","essence-de-terebenthine-1l.r.html","1","1","0"
"","","medium-peindre-incolore-75ml.r.html","1","1","0"
"","","huile-de-lin-clarifiee-1-l.r.html","1","1","0"
"","","medium-peindre-incolore-1-l.r.html","1","1","0"
"","","huile-oeillette-250-ml.r.html","1","1","0"
"","","vernis-anti-uv-mat-75-ml.r.html","1","1","0"
"","","bien-etre.r.html","1","1","0"
"","","medium-peindre-alkiyde-lb-qualite-beaux-arts-satine.r.html","1","1","0"
"","","essence-de-petrole-1l.r.html","1","1","0"
"","","huile-de-carthame-75-ml.r.html","1","1","0"
"","","medium-peindre-incolore-250ml.r.html","1","1","0"
"","","essence-de-terebenthine-75ml.r.html","1","1","0"
"","","vernis-anti-uv-satine-250-ml.r.html","1","1","0"
"","","huie-oeillette-75-ml.r.html","1","1","0"
"","","carnet-de-voyages.r.html","1","1","0"
"","","siccatif-pour-huile-flamand-sans-plomb-75ml.r.html","1","1","0"
"","","essence-de-petrole-250ml.r.html","1","1","0"
"","","essence-de-petrole-75ml.r.html","1","1","0"
"","","essence-sans-odeur-75-ml.r.html","1","1","0"
"","","siccatif-de-courtrai-blanc-250-ml.r.html","1","1","0"
"","","huile-de-lin-clarifiee-75ml.r.html","1","1","0"
"","","couture-toile-tire-fils.r.html","1","0","1"
"","","peinture-cuir-setacolor-45-ml-effet-duochrome.r.html","1","1","0"
"","","presse-relier-etau.r.html","1","0","1"
"","","couture-accessoire-machine-coudre.r.html","1","0","1"
"","","couture-accessoire-main-mercerie.r.html","1","0","1"
"","","metier-tisser-tricotin-machine.r.html","1","0","1"
"","","peinture-cuir-setacolor-coffret-initiation.r.html","1","1","0"
"","","feutrine-coupon-feutre.r.html","1","0","1"
"","","tissu-thermocollant.r.html","1","0","1"
"","","peinture-cuir-setacolor-45-ml-effet-metal.r.html","1","1","0"
"","","couture-fil-broderie-tapisserie-laine.r.html","1","0","1"
"","","tissu.r.html","1","0","1"
"","","peinture-cuir-setacolor-45-ml-effet-phosphorescent.r.html","1","1","0"
"","","couture-ciseaux-tailleur-nogent.r.html","1","0","1"
"","","peinture-cuir-setacolor-coffret-selection.r.html","1","1","0"
"","","teinture-soie-tie-dye-3-85-ml-kit-bleu.r.html","1","1","0"
"","","couture-marquage-tissu-patron.r.html","1","0","1"
"","","peinture-textile-opaque-pebeo-250ml.r.html","1","1","0"
"","","peinture-cuir-setacolor-45-ml-effet-paillette.r.html","1","1","0"
"","","bobine-de-fil-ruban.r.html","1","0","1"
"","","outils-de-coupe.r.html","1","0","1"
"","","peinture-textile-trsp-pebeo-45ml.r.html","1","1","0"
"","","necessaire-de-couture.r.html","1","0","1"
"","","boutons-pour-la-couture.r.html","1","0","1"
"","","couture-aiguille-coudre.r.html","1","0","1"
"","","couture-perroquet-metre-ruban.r.html","1","0","1"
"","","peinture-pour-le-cuir-25-ml.r.html","1","1","0"
"","","aerosol-peinture-acrylique-textildesign-150-ml.r.html","1","1","0"
"","","peinture-cuir-setacolor-45-ml-mat-satine.r.html","1","1","0"
"","","support-decorer-1357.r.html","1","0","1"
"","","biais-couture.r.html","1","0","1"
"","","couture-livre-dvd-revue.r.html","1","0","1"
"","","teinture-soie-tie-dye-3-85-ml-kit-noir.r.html","1","1","0"
"","","couture-support-broder-tapisser-canevas.r.html","1","0","1"
"","","peinture-textile-en-spray-7a-100-ml.r.html","1","1","0"
"","","forme-de-decoupe-pochoir-de-couture.r.html","1","0","1"
"","","rangement.r.html","1","0","1"
"","","ecusson-thermocollant.r.html","1","0","1"
"","","peinture-cuir-setacolor-45-ml-effet-fluorescent.r.html","1","1","0"
"","","teinture-soie-tie-dye-3-85-ml-kit-rose.r.html","1","1","0"
"","","peinture-textile-opaque-pebeo-45ml.r.html","1","1","0"
"","","colle-special-tissu.r.html","1","0","1"
"http/","","","1","0","1"
"","www.rougier-ple.fr/","","1","0","1"
"","","beaux-arts/","1","0","1"
