"Adresse","Occurrences","H2-1","Longueur du H2-1","H2-2","Longueur du H2-2","Indexabilité","Statut d'indexabilité"
"https://www.rougier-ple.fr/","0","","0","","0","Indexable",""
"https://www.rougier-ple.fr/modes-paiement.r.html","0","","0","","0","Indexable",""
"https://www.rougier-ple.fr/peinture-textile.r.html","17","Peinture Cuir Setacolor Coffret Sélection - Pébéo","49","Peinture Cuir Setacolor Coffret d'initiation - Pébéo","52","Indexable",""
"https://www.rougier-ple.fr/medium-additif-pigment.r.html","35","Médium à peindre Alkiyde LB Qualité Beaux-arts satiné 75 ml - Lefranc Bourgeois","79","Médium à peindre mat LB 75 ml - Lefranc Bourgeois","49","Indexable",""
"https://www.rougier-ple.fr/craie-ardoise-enfant.r.html","10","Pavé aquarellable 4.45 x 5 cm - Art Graf","40","Tableau double face Ardoise/Magnétique - JADE","45","Indexable",""
"https://www.rougier-ple.fr/chassis-sur-mesure.r.html","19","Mini-toile en coton avec chevalet de présentation 6 x 8 cm - Rougier&Plé","72","Baguette pour châssis sur mesure - Rougier&Plé","46","Indexable",""
"https://www.rougier-ple.fr/peinture-aquarelle.r.html","11","Matières","8","Supports","8","Indexable",""
"https://www.rougier-ple.fr/livre-artisanat-art.r.html","15","Livre Argile autodurcissante 20 projets pour apprendre à modeler - Marabout","75","Le grand livre de la Linogravure","32","Indexable",""
"https://www.rougier-ple.fr/peinture-1597.r.html","35","Peinture par numéros 30 x 30 cm Flower Power Aïssa - Oz International","69","Aquarellum 3D Live Fonds Marins - Sentosphère","45","Indexable",""
"https://www.rougier-ple.fr/linogravure.r.html","4","Matières","8","Supports","8","Indexable",""
"https://www.rougier-ple.fr/planche-dessin-compas-equerre.r.html","35","Normographe ISO Alphabet 5 mm - Koh I Noor","42","Normographe ISO Alphabet 3,5 mm - Koh I Noor","44","Indexable",""
"https://www.rougier-ple.fr/cahier-de-coloriage.r.html","35","Coloriage Graffy 3D Animaux de la savane - Avenue Mandarine","59","Au fil des saisons 40 Coloriages Mystère - Dessain et Tolra","59","Indexable",""
"https://www.rougier-ple.fr/marques/dejou.r.html","13","Roues à dessin en bois à monter A4 - Dejou","42","Roues à dessin en bois à monter A5 - Dejou","42","Indexable",""
"https://www.rougier-ple.fr/confection-bricolage-enfant.r.html","35","Peluche super soft Coccinelle - Legami","38","Coussin super soft Coccinelle - Legami","38","Indexable",""
"https://www.rougier-ple.fr/jeux-societe.r.html","35","Jeu Qui suis-je ? Who Am I? - Legami","36","Jeu d'adresse Chamboule-tout en bois Forêt - Janod","50","Indexable",""
"https://www.rougier-ple.fr/enfant-vernis-papier-decopatch.r.html","35","Papier Mix & Patch Voyage au Japon 30 x 40 cm 4 pcs - Décopatch","63","Papier Mix & Patch Royal botanic garden 30 x 40 cm 4 pcs - Décopatch","68","Indexable",""
"https://www.rougier-ple.fr/couture-mode.r.html","6","Matière couture","15","Support à décorer","17","Indexable",""
"https://www.rougier-ple.fr/jesmonite.r.html","35","Pigments Naturels 6 x 2 g - Jesmonite","37","Pigments Classiques 6 x 2 g - Jesmonite","39","Indexable",""
"https://www.rougier-ple.fr/fil-metallique.r.html","35","Fil aluminium ø 0,6 mm x 10 m - Graine Créative","47","Fil d'acier ø 0,5 mm x 10 m - Rayher","36","Indexable",""
"https://www.rougier-ple.fr/coffret-arts-graphiques.r.html","35","Set de calligraphie L'écriture égyptienne - Jacques Herbin","58","Set découverte Matériel d'art sec 17 pcs - Faber-Castell","56","Indexable",""
"https://www.rougier-ple.fr/platre-1787.r.html","18","Plâtre synthétique Art Roc 5 Kg - Esprit Composite","50","Plâtre de Moulage Léger Gédéo 1 Kg - Pébéo","42","Indexable",""
"https://www.rougier-ple.fr/aquarelle-miel.r.html","15","Aquarelle extra-fine au miel Palette de 12 demi-godets par Marie Boudon - Sennelier","83","Aquarelle extra-fine au miel Palette de 12 demi-godets par Ondine de Peretti - Sennelier","88","Indexable",""
"https://www.rougier-ple.fr/stylo-effacable.r.html","35","Stylo roller FriXion Ball Plus OnePiece Pointe moyenne 0.7 mm - Pilot","69","Stylo roller FriXion Ball OnePiece Pointe moyenne 0.7 mm - Pilot","64","Indexable",""
"https://www.rougier-ple.fr/livre-beaux-arts.r.html","35","Livre Dessiner et peindre les paysages Techniques et exercices - Eyrolles","73","Livre Portrait, l'art et l'émotion - Un dimanche après-midi","59","Indexable",""
"https://www.rougier-ple.fr/livre-loisir.r.html","14","Livre Origami Tea Party - Solar","31","Livre Réaliser son carnet de voyage - Marie Claire","50","Indexable",""
"https://www.rougier-ple.fr/gommette-sticker.r.html","35","Lot de masking tape Moutons et fleurs 5 m Saute-mouton 2 pcs - Artemio","70","Lot de masking tape Poules et œufs 5 m Saute-mouton 2 pcs - Artemio","67","Indexable",""
"https://www.rougier-ple.fr/carnet-de-croquis-1586.r.html","35","Album à personnaliser Irisé 40 feuilles 200 g/m² - Clairefontaine","65","Album à personnaliser Kraft 40 feuilles 200 g/m² - Clairefontaine","65","Indexable",""
"https://www.rougier-ple.fr/impression.r.html","4","Matière","7","Support","7","Indexable",""
"https://www.rougier-ple.fr/machine-de-decoupe.r.html","8","Machine de découpe Joy Xtra Coffret 6 accesoires - Cricut","57","Machine de découpe Curio 2 - Silhouette","39","Indexable",""
"https://www.rougier-ple.fr/beaux-arts/aquarelle.r.html","35","Aquarelle extra-fine au miel Palette de 12 demi-godets par Marie Boudon - Sennelier","83","Aquarelle extra-fine au miel Palette de 12 demi-godets par Ondine de Peretti - Sennelier","88","Indexable",""
"https://www.rougier-ple.fr/perle-bijou.r.html","4","Perles, breloques","17","Fils, câbles, lacets, rubans","28","Indexable",""
"https://www.rougier-ple.fr/tranchefile-signet-1595.r.html","4","Tranchefile 13 mm Bobine de 3 m Uni - Rougier&Plé","49","Signet 4 mm en bobine de 3 m - Rougier&Plé","42","Indexable",""
"https://www.rougier-ple.fr/faber-castell.r.html","35","Trousse rouleau 72 Crayons de couleurs Black edition - Faber Castell","68","Set découverte Matériel d'art sec 17 pcs - Faber-Castell","56","Indexable",""
"https://www.rougier-ple.fr/carte-enveloppe-bloc.r.html","35","Enveloppe pour carte de visite 9 x 14 cm Gommées blanches 50 pcs - Clairefontaine","81","Enveloppe auto-adhésive Calligraphe 11.4 x 16.2 cm Blanche 50 pcs - Clairefontaine","82","Indexable",""
"https://www.rougier-ple.fr/plume-pompon-paillette.r.html","35","Plume de coq Pastel 7 cm x 20 pcs - Graine Créative","51","Mini cœurs 7 couleurs 15g - Artemio","35","Indexable",""
"https://www.rougier-ple.fr/les-marques.r.html","35","Coffret Huile Studio XL couleurs complémentaires 12 x 20 ml - Pébéo","67","Coffret Studio Acrylics haute viscosité 48 x 20 ml - Pébéo","58","Indexable",""
"https://www.rougier-ple.fr/encre-de-chine-2997.r.html","35","Set de calligraphie Scolaire - Corect'Art","41","Set de calligraphie Onciale - Corect'Art","40","Indexable",""
"https://www.rougier-ple.fr/aerographie.r.html","4","Matières","8","Supports","8","Indexable",""
"https://www.rougier-ple.fr/sac-artiste-carton-dessin-1588.r.html","32","Carton à dessin brut 37 x 52 cm - Canson","40","Sac artiste 76 x 62 x 6 cm Anses rouges - Rougier&Plé","53","Indexable",""
"https://www.rougier-ple.fr/cricut-autopress-professionnelle.r.html","5","Description","11","Caractéristiques","16","Indexable",""
"https://www.rougier-ple.fr/peinture-gouache.r.html","11","Matières","8","Supports","8","Indexable",""
"https://www.rougier-ple.fr/stylo-quatre-couleurs.r.html","25","Mini Stylo à bille 4 couleurs Dino - Legami","43","Stylo bille 4 couleurs Minions - Bic","36","Indexable",""
"https://www.rougier-ple.fr/reliure.r.html","3","Matière","7","Outil","5","Indexable",""
"https://www.rougier-ple.fr/faq.r.html","17","Nos magasins","12","Comment exposer ?","17","Indexable",""
"https://www.rougier-ple.fr/enfant-deco-anniversaire.r.html","23","Bâton multicolore pour pinata 50 cm - ScrapCooking","50","Mini-guirlande décoration 1m - Rayher","37","Indexable",""
"https://www.rougier-ple.fr/book.r.html","17","Recharge pour Press-book A3 par 10 - Daler Rowney","49","Press-book Graduate A3 - Daler Rowney","37","Indexable",""
"https://www.rougier-ple.fr/pate-modeler-1598.r.html","35","Pâte à modeler souple Soft Dough au blé 116 g - MILAN","53","Pâte à modeler Junior 100 g - Das","33","Indexable",""
"https://www.rougier-ple.fr/papier-technique.r.html","35","Papier calque satin 90 g/m² A4 Bloc de 50 feuilles croquis échelle - Canson","75","Bloc papier Encres à alcool 90g/m² 25F - Clairefontaine","55","Indexable",""
"https://www.rougier-ple.fr/accessoire-arts-graphiques.r.html","35","Gomme Master gum 5 pcs - Milan","30","Nettoyant aérographie 200 ml - Prince August","44","Indexable",""
"https://www.rougier-ple.fr/gomme-1591.r.html","35","Set de 5 gommes fantaisie Diddl - Diddl et ses amis","51","Gomme Master gum 5 pcs - Milan","30","Indexable",""
"https://www.rougier-ple.fr/encadrement/cadre-en-bois.r.html","35","Cadre Vitrine XXL Brut + Passe-partout - Rougier&Plé","52","Cadre Vitrine XXL Blanc + Passe-partout - Rougier&Plé","53","Indexable",""
"https://www.rougier-ple.fr/cyanotype.r.html","16","Carnet de notes A5 14,8 x 21 cm Lignées Édition 170 ans - Rougier&Plé","69","Livre Expériences Cyanotypes - Marabout","39","Indexable",""
"https://www.rougier-ple.fr/colle-adhesif.r.html","35","Colle Bois Cléo'TECH 30 g - Cléopatre","37","Colle en spray Aéro'Colle 250 ml - Cléopatre","44","Indexable",""
"https://www.rougier-ple.fr/cosmetiques.r.html","35","Robot pour cosmétique et Balance de précision - BeautyMix","57","Coffret Je prends Soin de ma Peau - WAAM","40","Indexable",""
"https://www.rougier-ple.fr/puzzle-enfants.r.html","35","Puzzle Observation 200 pcs Carnaval de Rio - Djeco","50","Maquette 3D en bois Engin Lunaire - EWA","39","Indexable",""
"https://www.rougier-ple.fr/crayon-de-couleur-feutre.r.html","35","Set de 5 gommes fantaisie Diddl - Diddl et ses amis","51","Crayon à papier Diddl - Diddl et ses amis","41","Indexable",""
"https://www.rougier-ple.fr/peinture-chaussures-vetements.r.html","35","Feutre Posca PC-5BR pointe brush - Uni","38","Mallette Posca Doodle 20 Marqueurs Peinture - Uni","49","Indexable",""
"https://www.rougier-ple.fr/chevalet-1587.r.html","28","Mini-toile en coton avec chevalet de présentation 6 x 8 cm - Rougier&Plé","72","Chevalet en bois + tableau 10 x 18 cm - Rayher","46","Indexable",""
"https://www.rougier-ple.fr/dessin-technique.r.html","4","Matières","8","Supports","8","Indexable",""
"https://www.rougier-ple.fr/pastel-1589.r.html","35","Set de 5 couleurs chaudes - PanPastel","37","Set de 5 couleurs froides - PanPastel","37","Indexable",""
"https://www.rougier-ple.fr/silicone-latex.r.html","18","Silicone pour Prothèse Platsil Gel 10 - 1 kg - Esprit Composite","63","Lait de latex R&P 1 L - Rougier&Plé","35","Indexable",""
"https://www.rougier-ple.fr/calame.r.html","14","Poster pen 5 mm - Corect'Art","28","Poster pen 6 mm - Corect'Art","28","Indexable",""
"https://www.rougier-ple.fr/regle-reglet-echelle.r.html","35","Règles courbées & Mini règle 3 pcs - Clover","43","Règle plate 50 cm - M+R","23","Indexable",""
"https://www.rougier-ple.fr/entreprise.r.html","2","L'Histoire de Rougier & Plé","27","Le premier magasin Rougier&Plé a vu le jour à Paris en 1854, en proposant à une clientèle d’artisans le matériel spécifique à leur pratique.","140","Indexable",""
"https://www.rougier-ple.fr/format-raisin.r.html","35","Papier aquarelle Sugar Cane 290 g 50 x 65 cm - 1 feuille - Hahnemühle","69","Papier à dessin Manipack 50 x 65 cm 120 g/m² 15 pcs - Rougier&Plé","65","Indexable",""
"https://www.rougier-ple.fr/paques.r.html","35","Kit créatif fleurs en papier crépon - Rayher","44","Surligneur BOSS ORIGINAL NatureCOLORS Edition Wild Flowers - Stabilo","68","Indexable",""
"https://www.rougier-ple.fr/peinture-huile.r.html","12","Matières","8","Supports","8","Indexable",""
"https://www.rougier-ple.fr/beaux-arts/huile.r.html","35","Coffret Huile Studio XL couleurs complémentaires 12 x 20 ml - Pébéo","67","Coffret Huile Studio XL couleurs basiques 12 x 20 ml - Pébéo","60","Indexable",""
"https://www.rougier-ple.fr/peinture-par-numero.r.html","35","Peinture par numéros 30 x 30 cm Flower Power Aïssa - Oz International","69","Peinture par numéro Petit pinceau Tout Schuss - La petite épicerie","66","Indexable",""
"https://www.rougier-ple.fr/posca-1315.r.html","32","Feutre Posca PC-5BR pointe brush - Uni","38","Mallette Posca Doodle 20 Marqueurs Peinture - Uni","49","Indexable",""
"https://www.rougier-ple.fr/materiel-architecture.r.html","35","Carton plume 10mm classique - Canson","36","Carton plume 5mm classique - Canson","35","Indexable",""
"https://www.rougier-ple.fr/ciseaux-colle.r.html","35","Lot de masking tape Moutons et fleurs 5 m Saute-mouton 2 pcs - Artemio","70","Lot de masking tape Poules et œufs 5 m Saute-mouton 2 pcs - Artemio","67","Indexable",""
"https://www.rougier-ple.fr/moule-resine.r.html","35","Moule Bougie Papillon de nuit - Graine Créative","47","Moule Bougie Bouche - Graine Créative","37","Indexable",""
"https://www.rougier-ple.fr/presse.r.html","2","Sylvie Peron - Service Marketing Tél. 01 79 41 73 80 – sylvie.peron@rougieretple.fr","83","Sylvie Peron - Service Marketing Tél. 01 79 41 73 80 – sylvie.peron@rougieretple.fr","83","Indexable",""
"https://www.rougier-ple.fr/magasins.r.html","3","Localisez un magasin en utilisant le menu ci-dessous :","54","Localisez un magasin en utilisant la carte ci-dessous :","55","Indexable",""
"https://www.rougier-ple.fr/objets-decorer-bois-papier-mache.r.html","35","Étoile Plastique Cristal 8 cm - Graine Créative","47","Panier à oeufs en papier mâché - Décopatch","42","Indexable",""
"https://www.rougier-ple.fr/crea-1257.r.html","35","Cadre en bois Gaëlle 20 blanc + passe-partout - Créa","52","Cadre en bois Gaëlle 20 Noir + passe-partout - Créa","51","Indexable",""
"https://www.rougier-ple.fr/crayon-porte-mine-mine.r.html","35","Porte-mine MONO graph 0,7 mm Rose néon - Tombow","47","Porte-mine MONO graph 0,7 mm Vert néon - Tombow","47","Indexable",""
"https://www.rougier-ple.fr/pastel.r.html","13","Matières","8","Supports","8","Indexable",""
"https://www.rougier-ple.fr/plan-du-site.r.html","63","Catalogue produit","17","CATALOGUE","9","Indexable",""
"https://www.rougier-ple.fr/calligraphie.r.html","4","Matières","8","Supports","8","Indexable",""
"https://www.rougier-ple.fr/paiement-securise.r.html","0","","0","","0","Indexable",""
"https://www.rougier-ple.fr/porte-mine-etui-mine.r.html","35","Porte crayon pastel - Sennelier","31","Porte-mine MONO graph 0,7 mm Rose néon - Tombow","47","Indexable",""
"https://www.rougier-ple.fr/sac-de-transport-carton-dessin-tube.r.html","34","Carton à dessin brut 37 x 52 cm - Canson","40","Sac artiste 76 x 62 x 6 cm Anses rouges - Rougier&Plé","53","Indexable",""
"https://www.rougier-ple.fr/reception.r.html","35","Pollen - 25 cartes rectangulaires triptyques 16 x 16 cm - Vert jade - Pollen","76","Carte faire-part 75 x 100 mm Bleu lavande 20 pcs - Pollen","57","Indexable",""
"https://www.rougier-ple.fr/trousse-2996.r.html","35","Trousse peluche Diddl Classique - Diddl et ses amis","51","Trousse peluche 3D Diddl Deluxe - Diddl et ses amis","51","Indexable",""
"https://www.rougier-ple.fr/restauration.r.html","4","Matières","8","Supports","8","Indexable",""
"https://www.rougier-ple.fr/papier-reliure.r.html","35","Papier Toile du Marais 68,5 x 50 cm - Esprit Papier","51","Papier PVC Zafiro 50 x 70 cm 200 g/m² - Esprit Papier","53","Indexable",""
"https://www.rougier-ple.fr/herbier-jeu-exploration.r.html","10","Pots avec Graines 6 pcs - MGM","29","Jardinière 4 Plantes Aromatiques - MGM","38","Indexable",""
"https://www.rougier-ple.fr/stylo-stylo-plume.r.html","35","Feutre Permanent Joy 1 mm 3 pcs Noir - Cricut","45","Feutre Permanent Joy 1 mm 3 couleurs - Cricut","45","Indexable",""
"https://www.rougier-ple.fr/accessoire-encadrement.r.html","35","Agrafes pour encadrement 8 mm 2400 pcs","38","Agrafeuse encadrement","21","Indexable",""
"https://www.rougier-ple.fr/feutre-marqueur.r.html","35","Feutre peinture Acrylic marker 4 mm ronde - Pébéo","49","Feutre Acrylic Marker Pointe large 5 - 15 mm - Pébéo","52","Indexable",""
"https://www.rougier-ple.fr/les-marques/charbonnel.r.html","8","Encre Charbonnel taille douce 200 ml noire Luxe C - Lefranc Bourgeois","69","Encre Charbonnel Aqua Wash 60 ml - Lefranc Bourgeois","52","Indexable",""
"https://www.rougier-ple.fr/livre.r.html","35","Mes grandes gomettes repositionnables Pâques - Hemma","52","Mes cuties colos Joyeuses Pâques - Hemma","40","Indexable",""
"https://www.rougier-ple.fr/cadre-sous-verre.r.html","35","Cadre Vitrine XXL Brut + Passe-partout - Rougier&Plé","52","Cadre Vitrine XXL Blanc + Passe-partout - Rougier&Plé","53","Indexable",""
"https://www.rougier-ple.fr/scrapbooking.r.html","15","Matières Scrapbooking","21","Supports Scrapbooking","21","Indexable",""
"https://www.rougier-ple.fr/feutres-alcool.r.html","35","Marqueurs Goldfaber Sketch Double Pointe Automobile Boîte de 6 - Faber-Castell","78","Marqueurs Goldfaber Sketch Double Pointe Architecture Boîte de 6 - Faber-Castell","80","Indexable",""
"https://www.rougier-ple.fr/beaux-arts/gouache.r.html","35","Gouache extra-fine 14 ml - Linel","32","Gouache extra-fine 60 ml - Linel","32","Indexable",""
"https://www.rougier-ple.fr/loisirs-argile-autodurcissante.r.html","13","Pâte à modeler Junior 100 g - Das","33","Pâte à modeler Ultra Light Autodurcissante 125 g - Rayher","57","Indexable",""
"https://www.rougier-ple.fr/peinture-acrylique.r.html","10","Matières","8","Supports","8","Indexable",""
"https://www.rougier-ple.fr/contact.r.html","0","","0","","0","Indexable",""
"https://www.rougier-ple.fr/meilleures-ventes2.r.html","35","Feutre alcool double-pointe Promarker - Winsor & Newton","55","Crayon de couleur Luminance 6901 - Caran d'Ache","47","Indexable",""
"https://www.rougier-ple.fr/cartable.r.html","9","Cartable 38 cm Emilie marine - Tann's","37","Cartable 38 cm Alba - Tann's","28","Indexable",""
"https://www.rougier-ple.fr/sennelier.r.html","35","Porte crayon pastel - Sennelier","31","Pastels à l'écu Coffret carton magnétique 12 pastels - Sennelier","64","Indexable",""
"https://www.rougier-ple.fr/plume-calame.r.html","35","Brosse imitation martre série 85346 Mini Précision - Raphaël","60","Plumier 2 compartiments avec contenu Roller 2 - MILAN","53","Indexable",""
"https://www.rougier-ple.fr/nouveautes2.r.html","35","Marque-pages à colorier Petites boutiques cosy - Dessain et Tolra","65","Marque-pages à colorier Ma petite maison cosy - Dessain et Tolra","64","Indexable",""
"https://www.rougier-ple.fr/modelage-fimo-pate-modeler-loisir.r.html","4","Matières","8","Supports","8","Indexable",""
"https://www.rougier-ple.fr/aerographe-compresseur.r.html","8","Aérographe Haute Définition A112 - Prince August","48","Coffret Aérographe Ultra Polyvalent A011 - Prince August","56","Indexable",""
"https://www.rougier-ple.fr/les-marques-rougier-ple.r.html","35","Set de 3 spalters en poils synthétiques - Rougier&Plé","53","Châssis Mixte polyester + coton Lot de 4 pcs 40 x 40 cm - Rougier&Plé","69","Indexable",""
"https://www.rougier-ple.fr/peluche-poupee-diy.r.html","35","Peluche Loupsily 26 cm - Diddl et ses amis","42","Peluche Diddlina en robe ballerina 30 cm - Diddl et ses amis","60","Indexable",""
"https://www.rougier-ple.fr/decoupage-pliage-gomette.r.html","35","Papier origami doré 12 x 12 cm 36 feuilles - My Mandarine","57","Album d'autocollants La maison de poupée - Usborne","50","Indexable",""
"https://www.rougier-ple.fr/meilleures-ventes-beaux-arts.r.html","35","Crayon de couleur Luminance 6901 - Caran d'Ache","47","Pastel à la cire NEOCOLOR II Aquarellable - Caran d'Ache","56","Indexable",""
"https://www.rougier-ple.fr/carte-gratter-carte-pailleter.r.html","29","Cartes à gratter Inspired by Golden Muses - Djeco","49","Cartes à gratter Le pique-nique - Djeco","39","Indexable",""
"https://www.rougier-ple.fr/vernis-colle-pinceau-1592.r.html","35","Set de 3 spalters en poils synthétiques - Rougier&Plé","53","Colle multi-réparations 21ml - Uhu","34","Indexable",""
"https://www.rougier-ple.fr/coloriages-mysteres.r.html","35","Au fil des saisons 40 Coloriages Mystère - Dessain et Tolra","59","Merveilles du monde 40 Coloriages Mystère - Dessain et Tolra","60","Indexable",""
"https://www.rougier-ple.fr/conditions-generales-vente.r.html","0","","0","","0","Indexable",""
"https://www.rougier-ple.fr/encre-1596.r.html","25","L'encre Linogravure 80 ml - Pébéo","33","Encre Relief Pro 473 ml Noir Supergraphic - Speedball","53","Indexable",""
"https://www.rougier-ple.fr/carterie-creative.r.html","4","Matières","8","Supports","8","Indexable",""
"https://www.rougier-ple.fr/tableau-creatif-enfant.r.html","35","Tableau à pailleter Paradisio - Djeco","37","Tableau de Scoubidous Pepsy tifs - Djeco","40","Indexable",""
"https://www.rougier-ple.fr/cuir-1594.r.html","1","Cuir Chagrin 0.45 m² - Rougier&Plé","34","","0","Indexable",""
"https://www.rougier-ple.fr/enfant-perle-bijoux.r.html","35","Coffret de création de bijoux Perles alphabet - Djeco","53","Malette Lasti'Pop de 1 400 élastiques Multi-couleurs - MGM","58","Indexable",""
"https://www.rougier-ple.fr/enfant-fournitures-papeterie.r.html","35","Parapluie enfant Coccinelle - Legami","36","Surligneur BOSS ORIGINAL Le vrai Rouge - Stabilo","48","Indexable",""
"https://www.rougier-ple.fr/loisirs-creatifs-plume.r.html","9","Plume décorative 8cm sachet de 10 - Rayher","42","Plume de Paon 25 cm 3 pcs - Rayher","34","Indexable",""
"https://www.rougier-ple.fr/programme-fidelite.html.r.html","13","ARTICLE 1 : DEFINITIONS","23","ARTICLE 2 : OBJET DE LA CARTE TOUS ARTISTES","43","Indexable",""
"https://www.rougier-ple.fr/beaux-arts/acrylique.r.html","35","Coffret Studio Acrylics haute viscosité 48 x 20 ml - Pébéo","58","Kit Acrylique Campus 8 x 21 ml + châssis entoilé + 3 pinceaux - Raphaël","71","Indexable",""
"https://www.rougier-ple.fr/vernis-patine.r.html","35","Imperméabilisant pour argile Gédéo - Pébéo","42","Axilliaire ramolisseur Soft mix Blanc 56 g - Cernit","51","Indexable",""
"https://www.rougier-ple.fr/adhesifs-masking-tape.r.html","35","Ruban Adhésif Thermorésistant 2 cm x 16 m - Cricut","50","Lot de masking tape Moutons et fleurs 5 m Saute-mouton 2 pcs - Artemio","70","Indexable",""
"https://www.rougier-ple.fr/agenda-calendrier.r.html","24","Planificateur de bureau 2026 - 27,7 x 10,2 cm Bee - Legami","58","Planificateur de bureau 2026 - 27,7 x 10,2 cm Kitty - Legami","60","Indexable",""
"https://www.rougier-ple.fr/pyrogravure.r.html","4","Matières","8","Supports","8","Indexable",""
"https://www.rougier-ple.fr/feutrine-mousse-creative-enfant.r.html","18","Mousse sensorielle Playfoam Licorne - Learning Resources","56","Mousse sensorielle Playfoam Jumbo Pods - Learning Resources","59","Indexable",""
"https://www.rougier-ple.fr/stylo-stylo-feutre.r.html","26","Stylo plume Plumix - Pilot","26","Stylo roller G-1 Grip Encre gel pointe large - Pilot","52","Indexable",""
"https://www.rougier-ple.fr/alginate-moulage.r.html","4","Alginate rose à prise rapide 400 g - Esprit Composite","53","Alginate rose à prise rapide 1 kg - Esprit Composite","52","Indexable",""
"https://www.rougier-ple.fr/modelage.r.html","4","Matières","8","Supports","8","Indexable",""
"https://www.rougier-ple.fr/papier-de-soie-crepon.r.html","10","Papier crépon 40 % 2,50 x 0,5 m Chocolat - Clairefontaine","57","Papier Crépon Fleuriste 25 x 100 cm 10 Couleurs Pastel - Clairefontaine","71","Indexable",""
"https://www.rougier-ple.fr/fusain-crayon-porte-mine.r.html","35","Porte crayon pastel - Sennelier","31","Porte-mine MONO graph 0,7 mm Rose néon - Tombow","47","Indexable",""
"https://www.rougier-ple.fr/decopatch.r.html","4","Matières","8","Supports","8","Indexable",""
"https://www.rougier-ple.fr/feutre-surligneur.r.html","35","Feutre Permanent Joy 1 mm 3 pcs Noir - Cricut","45","Feutre Permanent Joy 1 mm 3 couleurs - Cricut","45","Indexable",""
"https://www.rougier-ple.fr/confection-abat-jour.r.html","4","Matières","8","Supports","8","Indexable",""
"https://www.rougier-ple.fr/moule-gateau-deco-enfant.r.html","35","Moules gâteau en bois Ø 18 cm + caissettes sulfurisées de cuisson - Mirontaine","78","Moules cake en bois 24 cm + caissettes sulfurisées de cuisson - Mirontaine","74","Indexable",""
"https://www.rougier-ple.fr/petites-fournitures.r.html","35","Gomme Master gum 5 pcs - Milan","30","Gomme the Master Gum 1412 - Milan","33","Indexable",""
"https://www.rougier-ple.fr/papier-1585.r.html","35","Papier Dessin blanc Ramette 250 feuilles A3 - Canson","52","Papier Dessin blanc Ramette 250 feuilles A4 160 g/m² - Canson","61","Indexable",""
"https://www.rougier-ple.fr/coffret-beaux-arts.r.html","35","Coffret Huile Studio XL couleurs complémentaires 12 x 20 ml - Pébéo","67","Coffret Studio Acrylics haute viscosité 48 x 20 ml - Pébéo","58","Indexable",""
"https://www.rougier-ple.fr/embellissement-ruban-noeud.r.html","35","Stickers décoratifs - Fleurs en Papier avec demi-perle - 20 pcs - Rayher","72","Boutons de customisation - marron à pois rouges - 2,5 cm - 3 pcs - Recreatys","76","Indexable",""
"https://www.rougier-ple.fr/book-nook.r.html","28","Maison miniature DIY Henry's Chocolate - Rolife","47","Maison miniature DIY Fairytale Tree House - Rolife","50","Indexable",""
"https://www.rougier-ple.fr/chassis-toile.r.html","35","Châssis entoilé lin Figure - Rougier&Plé","40","Châssis Mixte polyester + coton Lot de 4 pcs 40 x 40 cm - Rougier&Plé","69","Indexable",""
"https://www.rougier-ple.fr/perles-repasser-support.r.html","22","Perles à repasser 12 suspensions de Pâques - Perlou","51","Perle à Repasser Mini 2 mm 2000 pcs Chair 4 couleurs - Perlou","61","Indexable",""
"https://www.rougier-ple.fr/ciseaux-cutter.r.html","35","Cutter graphic pro 18 mm","24","Cutter graphic pro 9 mm","23","Indexable",""
"https://www.rougier-ple.fr/peinture-pochoirs-tampons.r.html","35","Set de peinture gouache aux doigts enfant Tacticolor - Pebeo","60","Peinture par numéro Dans les Alpes - Sentosphère","48","Indexable",""
"https://www.rougier-ple.fr/pate-polymere-fimo-1593.r.html","35","Pâte polymère Metallic 56 g - Cernit","36","Pâte polymère Pearl 56 g - Cernit","33","Indexable",""
"https://www.rougier-ple.fr/maquillage.r.html","35","Tatouage Tattoo' Mania Monstres - Avenue Mandarine","50","Maquillage Set de 3 Stylos Pinceaux Aventure - Snazaroo","55","Indexable",""
"https://www.rougier-ple.fr/argile.r.html","17","Argile blanche pour modelage 5kg - Solargil","43","Argile à cuire chamottée 10 kg Faïence Blanche jasmin - Solargil","64","Indexable",""
"https://www.rougier-ple.fr/moulage-enfant.r.html","25","Atelier de moulage Mes espèces protégées Ara bleu - mako moulages","65","Atelier de moulage Le Dragon - mako moulages","44","Indexable",""
"https://www.rougier-ple.fr/loisirs-creatifs/decoden.r.html","35","Douille à Pâtisserie Russe Inox Églantine - ScrapCooking","56","Douille à Pâtisserie Russe Inox Rose - ScrapCooking","51","Indexable",""
"https://www.rougier-ple.fr/calculatrice.r.html","8","Calculatrice Double alimentation Genius - Legami","48","Calculatrice de Poche Flora - Legami","36","Indexable",""
"https://www.rougier-ple.fr/canson.r.html","35","Papier Dessin blanc Ramette 250 feuilles A3 - Canson","52","Papier Dessin blanc Ramette 250 feuilles A4 160 g/m² - Canson","61","Indexable",""
"https://www.rougier-ple.fr/outil-modelage-sculpture-professionnel.r.html","35","Imperméabilisant pour argile Gédéo - Pébéo","42","Axilliaire ramolisseur Soft mix Blanc 56 g - Cernit","51","Indexable",""
"https://www.rougier-ple.fr/pyrograveur-pointe.r.html","10","Pointe pour pyrograveur B22 - boule 2 mm - Scrapyro","51","Pointe pour pyrograveur F21 + motifs 1 à 6 - Scrapyro","53","Indexable",""
"https://www.rougier-ple.fr/devis-bon-commande.r.html","2","Précisions concernant les commandes spéciales et devis","54","Rougier & Plé - Graphigro, spécialiste du matériel de beaux-arts, arts-graphiques et loisirs créatifs, accompagne, depuis plus de 160 ans, les entreprises et collectivités pour leurs fournitures","194","Indexable",""
"https://www.rougier-ple.fr/promotions2.r.html?f=att_628:9862","35","Peinture pour enfant Acrylcolor 150 ml - Pébéo","46","Fard de maquillage 20 ml - Grim'Tout","36","Non indexable","Canonisé"
"https://www.rougier-ple.fr/boite-pastels.r.html","35","Set de 5 couleurs chaudes - PanPastel","37","Set de 5 couleurs froides - PanPastel","37","Indexable",""
"https://www.rougier-ple.fr/accessoire-beaux-arts.r.html","35","Pot pour mélange 3 x 70 ml + couvercle - Milan","46","Palette en céramique 20 alvéoles Ø 12 cm - Sinoart","50","Indexable",""
"https://www.rougier-ple.fr/encre-1735.r.html","35","L'encre Linogravure 80 ml - Pébéo","33","Encre Relief Pro 473 ml Noir Supergraphic - Speedball","53","Indexable",""
"https://www.rougier-ple.fr/coloriage-adulte.r.html","35","Marque-pages à colorier Petites boutiques cosy - Dessain et Tolra","65","Marque-pages à colorier Ma petite maison cosy - Dessain et Tolra","64","Indexable",""
"https://www.rougier-ple.fr/peinture-deco.r.html","4","Matières","8","Supports","8","Indexable",""
"https://www.rougier-ple.fr/fournitures-de-bureau.r.html","4","Matières","8","Supports","8","Indexable",""
"https://www.rougier-ple.fr/newsletter.r.html","2","Inscrivez vous à la Newsletter Rougier&Plé - Graphigro","54","A quel titre effectuez-vous vos achats ?","40","Indexable",""
"https://www.rougier-ple.fr/cutter-ciseaux-lame.r.html","35","Lames de rechange pour Massicot Metric Trim & Score Board Rose","62","Cutter graphic pro 18 mm","24","Indexable",""
"https://www.rougier-ple.fr/chambre-enfant-deco.r.html","7","Pot à crayons rond Frida Kahlo Ø 9 x 11 cm - Clairefontaine","59","Pot à Crayons en Céramique Cactus - Legami","42","Indexable",""
"https://www.rougier-ple.fr/enfant-masque-deguisement.r.html","32","Masque à décorer Couronne 13,5 x 18,5 cm 2 pcs - Artemio","56","Diadème en carton à décorer Enfant 6 pcs Princesse - Graine Créative","68","Indexable",""
"https://www.rougier-ple.fr/feuilles-dorer.r.html","15","Copeaux métalliques à dorer 0,8 g Argent - Sizzix","49","Kit à dorer Effet miroir Argent - Pébéo","39","Indexable",""
"https://www.rougier-ple.fr/mentions-legales.r.html","0","","0","","0","Indexable",""
"https://www.rougier-ple.fr/promotions2.r.html","35","Gouache extra-fine 14 ml - Linel","32","Châssis entoilé lin Figure - Rougier&Plé","40","Indexable",""
"https://www.rougier-ple.fr/crayon-de-couleur-1590.r.html","35","Les couleurs des petits Boite de couleurs pour les petits - Djeco","65","Crayon de couleur Drawing Palette nature Boîte métal 36 pcs - Derwent","69","Indexable",""
"https://www.rougier-ple.fr/la-livraison.r.html","27","Où puis-je me faire livrer ? De quels paramètres dépendent les frais de livraison ? Qui livre ma commande ? Quels sont les frais de livraison ? Pourquoi tous les modes de livraison ne sont pas proposés lorsque je valide la commande ? Dans quel délai vais-je recevoir ma commande ? Comment faciliter une livraison efficace ? J’ai saisi une adresse de livraison erronée ou incomplète, mon colis ne pourra pas être livré, que faire ? Comment savoir où en est le traitement de ma commande ? Je n’ai toujours pas reçu ma commande, que faire ? J’étais absent lors de la livraison à domicile, comment récupérer ma commande ? J’ai bien reçu ma commande mais elle est endommagée, que faire ? Puis-je choisir ma date de livraison ? Comment se déroule la livraison d'une commande passée sur devis ?","787","- A domicile","12","Indexable",""
"https://www.rougier-ple.fr/maquettisme.r.html","4","Matières","8","Supports","8","Indexable",""
"https://www.rougier-ple.fr/papeterie-scolaire-familiale.r.html","4","Matières","8","Supports","8","Indexable",""
"https://www.rougier-ple.fr/carte-enveloppe-papier.r.html","35","Enveloppe pour carte de visite 9 x 14 cm Gommées blanches 50 pcs - Clairefontaine","81","Enveloppe auto-adhésive Calligraphe 11.4 x 16.2 cm Blanche 50 pcs - Clairefontaine","82","Indexable",""
"https://www.rougier-ple.fr/papeterie/lives.r.html","35","Au fil des saisons 40 Coloriages Mystère - Dessain et Tolra","59","Mes cuties colos Joyeuses Pâques - Hemma","40","Indexable",""
"https://www.rougier-ple.fr/papier-decoratif-papier-decopatch.r.html","35","Papier Mix & Patch Voyage au Japon 30 x 40 cm 4 pcs - Décopatch","63","Papier Mix & Patch Royal botanic garden 30 x 40 cm 4 pcs - Décopatch","68","Indexable",""
"https://www.rougier-ple.fr/librairie-beaux-arts-loisirs-creatifs.r.html","4","Beaux-Arts, Arts graphiques","27","Loisirs Créatifs","16","Indexable",""
"https://www.rougier-ple.fr/enfant-maquette-construction.r.html","35","Peluche super soft Coccinelle - Legami","38","Coussin super soft Coccinelle - Legami","38","Indexable",""
"https://www.rougier-ple.fr/carcasse-abat-jour-polyphane.r.html","35","Carcasse d'abat-jour cercle nu Ø 35 cm","38","Carcasse Abat-jour Cylindre Ø 20 cm - Graine Créative","53","Indexable",""
"https://www.rougier-ple.fr/normographe.r.html","6","Normographe ISO Alphabet 5 mm - Koh I Noor","42","Normographe ISO Alphabet 3,5 mm - Koh I Noor","44","Indexable",""
"https://www.rougier-ple.fr/carton-plume-carton-mousse-carton-gris-carton-bois.r.html","35","Carton Noir Ame Noir 50 x 70 cm 1050 g/m² - Esprit Papier","57","Carton mousse Duo Noir et gris 5 mm - A3 29,7 x 42 cm - 4 pcs - Airplac","71","Indexable",""
"https://www.rougier-ple.fr/adhesif.r.html","35","Patafix invisible 56 pastilles - Uhu","36","Adhésif de masquage 50 m x 30 mm - Uhu","38","Indexable",""
"https://www.rougier-ple.fr/protection-donnees-personnelles-privee.r.html","1","Article 1 : Protection des données personnelles","47","","0","Indexable",""
"https://www.rougier-ple.fr/fetes-maquillage.r.html","35","Moyenne pierre à tatouage Rose géante - Ladot","45","Moyenne pierre à tatouage Licorne - Ladot","41","Indexable",""
"https://www.rougier-ple.fr/modelage-pate-modeler.r.html","35","Boîte créative - Pate à modeler et gommettes art - Avenue Mandarine","67","Pâte à modeler Softy Pastel 6 x 62 g - Avenue Mandarine","55","Indexable",""
"https://www.rougier-ple.fr/enfant-objet-decorer.r.html","35","Étoile Plastique Cristal 8 cm - Graine Créative","47","Panier à oeufs en papier mâché - Décopatch","42","Indexable",""
"https://www.rougier-ple.fr/enfant-customisation.r.html","35","Assortiment Pompon Chenille et Yeux mobiles Pastel 125 pcs - Rayher","67","Kit créatif multi-activités Magic Fairies - Janod","49","Indexable",""
"https://www.rougier-ple.fr/papier-kraft-2998.r.html","22","Rouleau de papier Kraft 1 x 10 m 70 g/m² Brun - Clairefontaine","62","Rouleau de Papier kraft 3 x 0,70 m Couleurs - Clairefontaine","60","Indexable",""
"https://www.rougier-ple.fr/resine.r.html","28","Base liquide AC100 500 ml - Jesmonite","37","Base liquide AC100 1 L - Jesmonite","34","Indexable",""
"https://www.rougier-ple.fr/dessin-artistique.r.html","7","Pourquoi choisir un bon matériel pour dessiner ?","48","Les grandes familles de matériel pour dessiner","46","Non indexable","Canonisé"
"https://www.rougier-ple.fr/encadrement.r.html","0","","0","","0","Non indexable","Canonisé"
"https://www.rougier-ple.fr/origami-kirigami-quilling-pliage-papier.r.html","1","Accessoires","11","","0","Non indexable","Canonisé"
"https://www.rougier-ple.fr/bd-manga-illustration.r.html","5","Matières","8","Supports","8","Indexable",""
"https://www.rougier-ple.fr/tissu-feutrine-chenille.r.html","19","Assortiment Pompon Chenille et Yeux mobiles Pastel 125 pcs - Rayher","67","Fils de laine organique Eco vita 360 30 pcs - DMC","49","Indexable",""
"https://www.rougier-ple.fr/origami-1599.r.html","35","Papier Mix & Patch Voyage au Japon 30 x 40 cm 4 pcs - Décopatch","63","Papier Mix & Patch Royal botanic garden 30 x 40 cm 4 pcs - Décopatch","68","Indexable",""
"https://www.rougier-ple.fr/puzzle.r.html","35","Puzzle Tigres au clair de lune 1000 pièces - Janod","50","Puzzle 1000 pièces Floral - Professor Puzzle","44","Indexable",""
"https://www.rougier-ple.fr/moulage.r.html","4","Matières","8","Supports","8","Indexable",""
"https://www.rougier-ple.fr/pate-modeler-art-professionnelle.r.html","35","Pâte polymère Pro 57 g - Fimo","29","Pâte à modeler de précision dureté 30 5 kg - Plastiline","55","Indexable",""
"https://www.rougier-ple.fr/mini-toile-avec-chevalet-de-presentation-6-8-cm-rougier-ple.r.html","4","Description","11","Caractéristiques","16","Indexable",""
"https://www.rougier-ple.fr/toile-polyester-grain-fin.r.html","4","Description","11","Caractéristiques","16","Indexable",""
"https://www.rougier-ple.fr/toile-enduite-en-coton-au-metre-hauteur-2-10-m.r.html","4","Description","11","Caractéristiques","16","Indexable",""
"https://www.rougier-ple.fr/toile-coton-rouleau-de-1-8-5-m.r.html","4","Description","11","Caractéristiques","16","Indexable",""
"https://www.rougier-ple.fr/toile-polycoton-rouleau-1-8-5-m.r.html","4","Description","11","Caractéristiques","16","Indexable",""
"https://www.rougier-ple.fr/toile-enduite-en-lin-au-metre-hauteur-2-10-m.r.html","4","Description","11","Caractéristiques","16","Indexable",""
"https://www.rougier-ple.fr/rouleau-de-toile-fine-en-coton-synthetique-10-1-5-m.r.html","4","Description","11","Caractéristiques","16","Indexable",""
"https://www.rougier-ple.fr/rouleau-de-toile-fine-en-coton-synthetique-10-1-m.r.html","4","Description","11","Caractéristiques","16","Indexable",""
"https://www.rougier-ple.fr/cles-de-tension-pour-chassis-10-pcs.r.html","4","Description","11","Caractéristiques","16","Indexable",""
"https://www.rougier-ple.fr/entretoise-pour-chassis.r.html","4","Description","11","Caractéristiques","16","Indexable",""
"https://www.rougier-ple.fr/baguette-pour-chassis.r.html","4","Description","11","Caractéristiques","16","Indexable",""
"https://www.rougier-ple.fr/marteau-pane-plate-16-mm.r.html","4","Description","11","Caractéristiques","16","Indexable",""
"https://www.rougier-ple.fr/pave-aquarellable-4.45-5-cm.r.html","4","Description","11","Caractéristiques","16","Indexable",""
"https://www.rougier-ple.fr/ardoise-blanche-1-face-quadrillee-seyes-18-5-26-cm.r.html","3","Description","11","Caractéristiques","16","Indexable",""
"https://www.rougier-ple.fr/ardoise-blanche-pour-marqueurs-18.5-26-cm.r.html","3","Description","11","Caractéristiques","16","Indexable",""
"https://www.rougier-ple.fr/craie-auto-effacable-pour-tissus-sombres.r.html","3","Description","11","Caractéristiques","16","Indexable",""
"https://www.rougier-ple.fr/tableau-double-face-ardoise/magnetique.r.html","3","Description","11","Caractéristiques","16","Indexable",""
"https://www.rougier-ple.fr/bte-10-craies-anti-poussiere-blanches.r.html","3","Description","11","Caractéristiques","16","Indexable",""
"https://www.rougier-ple.fr/ardoise-naturelle-18-26-cm-cadre-bois.r.html","3","Description","11","Caractéristiques","16","Indexable",""
"https://www.rougier-ple.fr/craie-auto-effacable-pour-tissus-clairs.r.html","3","Description","11","Caractéristiques","16","Indexable",""
"https://www.rougier-ple.fr/ardoise-velleda-19x26cm-avec-feutre-et-eponge.r.html","3","Description","11","Caractéristiques","16","Indexable",""
"https://www.rougier-ple.fr/bte-10-craies-anti-poussiere-assort.r.html","3","Description","11","Caractéristiques","16","Indexable",""
"https://www.rougier-ple.fr/medium-peindre-vibert-250ml.r.html","5","Description","11","Caractéristiques","16","Indexable",""
"https://www.rougier-ple.fr/medium-peindre-vibert-75ml.r.html","5","Description","11","Caractéristiques","16","Indexable",""
"https://www.rougier-ple.fr/vernis-anti-uv-mat-250-ml.r.html","4","Description","11","Caractéristiques","16","Indexable",""
"https://www.rougier-ple.fr/huile-de-lin-clarifiee-250ml.r.html","5","Description","11","Caractéristiques","16","Indexable",""
"https://www.rougier-ple.fr/liquide-nettoyer-les-brosses-75-ml.r.html","5","Description","11","Caractéristiques","16","Indexable",""
"https://www.rougier-ple.fr/essence-de-terebenthine-250ml.r.html","5","Description","11","Caractéristiques","16","Indexable",""
"https://www.rougier-ple.fr/medium-huile-uf-75ml.r.html","5","Description","11","Caractéristiques","16","Indexable",""
"https://www.rougier-ple.fr/essence-sans-odeur-250-ml.r.html","5","Description","11","Caractéristiques","16","Indexable",""
"https://www.rougier-ple.fr/huile-cuite-standolie-brillant-lb-250-ml.r.html","4","Description","11","Caractéristiques","16","Indexable",""
"https://www.rougier-ple.fr/siccatif-pour-huile-flamand-sans-plomb-250ml.r.html","5","Description","11","Caractéristiques","16","Indexable",""
"https://www.rougier-ple.fr/medium-peindre-mat-lb-75-ml.r.html","4","Description","11","Caractéristiques","16","Indexable",""
"https://www.rougier-ple.fr/additif-vernis-retoucher-viber-75ml.r.html","5","Description","11","Caractéristiques","16","Indexable",""
"https://www.rougier-ple.fr/medium-alkyde-satine-lb-250-ml.r.html","4","Description","11","Caractéristiques","16","Indexable",""
"https://www.rougier-ple.fr/essence-sans-odeur-1-l.r.html","5","Description","11","Caractéristiques","16","Indexable",""
"https://www.rougier-ple.fr/huile-cuite-standolie-75-ml.r.html","4","Description","11","Caractéristiques","16","Indexable",""
"https://www.rougier-ple.fr/essence-aspic-75ml.r.html","5","Description","11","Caractéristiques","16","Indexable",""
"https://www.rougier-ple.fr/essence-de-terebenthine-1l.r.html","6","Description","11","Caractéristiques","16","Indexable",""
"https://www.rougier-ple.fr/medium-peindre-incolore-75ml.r.html","6","Description","11","Caractéristiques","16","Indexable",""
"https://www.rougier-ple.fr/huile-de-lin-clarifiee-1-l.r.html","6","Description","11","Caractéristiques","16","Indexable",""
"https://www.rougier-ple.fr/medium-peindre-incolore-1-l.r.html","6","Description","11","Caractéristiques","16","Indexable",""
"https://www.rougier-ple.fr/huile-oeillette-250-ml.r.html","6","Description","11","Caractéristiques","16","Indexable",""
"https://www.rougier-ple.fr/beaux-arts/peinture.r.html","35","Coffret Huile Studio XL couleurs complémentaires 12 x 20 ml - Pébéo","67","Coffret Studio Acrylics haute viscosité 48 x 20 ml - Pébéo","58","Indexable",""
"https://www.rougier-ple.fr/vernis-anti-uv-mat-75-ml.r.html","5","Description","11","Caractéristiques","16","Indexable",""
"https://www.rougier-ple.fr/bien-etre.r.html","19","Kit Savon Avoine et argiles - Graine Créative","45","Pain de Savon 100 g Opaque Vert sombre - Graine Créative","56","Indexable",""
"https://www.rougier-ple.fr/medium-peindre-alkiyde-lb-qualite-beaux-arts-satine.r.html","5","Description","11","Caractéristiques","16","Indexable",""
"https://www.rougier-ple.fr/essence-de-petrole-1l.r.html","6","Description","11","Caractéristiques","16","Indexable",""
"https://www.rougier-ple.fr/huile-de-carthame-75-ml.r.html","5","Description","11","Caractéristiques","16","Indexable",""
"https://www.rougier-ple.fr/medium-peindre-incolore-250ml.r.html","6","Description","11","Caractéristiques","16","Indexable",""
"https://www.rougier-ple.fr/essence-de-terebenthine-75ml.r.html","6","Description","11","Caractéristiques","16","Indexable",""
"https://www.rougier-ple.fr/vernis-anti-uv-satine-250-ml.r.html","5","Description","11","Caractéristiques","16","Indexable",""
"https://www.rougier-ple.fr/huie-oeillette-75-ml.r.html","5","Description","11","Caractéristiques","16","Indexable",""
"https://www.rougier-ple.fr/carnet-de-voyages.r.html","6","Carnet de voyage noir à spirale papier aquarelle 300 g/m² grain torchon - Clairefontaine","88","Carnet de voyage havane à spirale papier aquarelle 300 g/m² grain torchon - Clairefontaine","90","Indexable",""
"https://www.rougier-ple.fr/siccatif-pour-huile-flamand-sans-plomb-75ml.r.html","6","Description","11","Caractéristiques","16","Indexable",""
"https://www.rougier-ple.fr/essence-de-petrole-250ml.r.html","6","Description","11","Caractéristiques","16","Indexable",""
"https://www.rougier-ple.fr/essence-de-petrole-75ml.r.html","6","Description","11","Caractéristiques","16","Indexable",""
"https://www.rougier-ple.fr/essence-sans-odeur-75-ml.r.html","6","Description","11","Caractéristiques","16","Indexable",""
"https://www.rougier-ple.fr/siccatif-de-courtrai-blanc-250-ml.r.html","4","Description","11","Caractéristiques","16","Indexable",""
"https://www.rougier-ple.fr/huile-de-lin-clarifiee-75ml.r.html","5","Description","11","Caractéristiques","16","Indexable",""
"https://www.rougier-ple.fr/peinture-cuir-setacolor-45-ml-effet-duochrome.r.html","4","Description","11","Caractéristiques","16","Indexable",""
"https://www.rougier-ple.fr/peinture-cuir-setacolor-coffret-initiation.r.html","4","Description","11","Caractéristiques","16","Indexable",""
"https://www.rougier-ple.fr/peinture-cuir-setacolor-45-ml-effet-metal.r.html","4","Description","11","Caractéristiques","16","Indexable",""
"https://www.rougier-ple.fr/peinture-cuir-setacolor-45-ml-effet-phosphorescent.r.html","4","Description","11","Caractéristiques","16","Indexable",""
"https://www.rougier-ple.fr/peinture-cuir-setacolor-coffret-selection.r.html","4","Description","11","Caractéristiques","16","Indexable",""
"https://www.rougier-ple.fr/teinture-soie-tie-dye-3-85-ml-kit-bleu.r.html","3","Description","11","Caractéristiques","16","Indexable",""
"https://www.rougier-ple.fr/peinture-textile-opaque-pebeo-250ml.r.html","4","Description","11","Caractéristiques","16","Indexable",""
"https://www.rougier-ple.fr/peinture-cuir-setacolor-45-ml-effet-paillette.r.html","4","Description","11","Caractéristiques","16","Indexable",""
"https://www.rougier-ple.fr/peinture-textile-trsp-pebeo-45ml.r.html","4","Description","11","Caractéristiques","16","Indexable",""
"https://www.rougier-ple.fr/peinture-pour-le-cuir-25-ml.r.html","4","Description","11","Caractéristiques","16","Indexable",""
"https://www.rougier-ple.fr/aerosol-peinture-acrylique-textildesign-150-ml.r.html","4","Description","11","Caractéristiques","16","Indexable",""
"https://www.rougier-ple.fr/peinture-cuir-setacolor-45-ml-mat-satine.r.html","4","Description","11","Caractéristiques","16","Indexable",""
"https://www.rougier-ple.fr/teinture-soie-tie-dye-3-85-ml-kit-noir.r.html","3","Description","11","Caractéristiques","16","Indexable",""
"https://www.rougier-ple.fr/peinture-textile-en-spray-7a-100-ml.r.html","4","Description","11","Caractéristiques","16","Indexable",""
"https://www.rougier-ple.fr/peinture-cuir-setacolor-45-ml-effet-fluorescent.r.html","4","Description","11","Caractéristiques","16","Indexable",""
"https://www.rougier-ple.fr/teinture-soie-tie-dye-3-85-ml-kit-rose.r.html","3","Description","11","Caractéristiques","16","Indexable",""
"https://www.rougier-ple.fr/peinture-textile-opaque-pebeo-45ml.r.html","4","Description","11","Caractéristiques","16","Indexable",""
