"Adresse","Type de contenu","Code HTTP","Statut","Indexabilité","Statut d'indexabilité"
"https://www.promovacances.com/fstrz/r/s/static.service-voyages.com/photos/vignettes/promovacances.com/20251219130659-promovacances.com-Tout-compris-310X277_Desktop_PMVC.jpg","","0","Bloqué par robots.txt","Non indexable","Bloqué par robots.txt"
"https://www.promovacances.com/fstrz/r/s/static.service-voyages.com/photos/vignettes/promovacances.com/20251219130652-promovacances.com-Sejour-tunisie-310X574_Desktop_PMVC.jpg","","0","Bloqué par robots.txt","Non indexable","Bloqué par robots.txt"
"https://www.promovacances.com/fstrz/r/s/static.service-voyages.com/photos/vignettes/promovacances.com/20260217102014-promovacances.com-OP_hp_mobile_pmvc_345x345.jpg","","0","Bloqué par robots.txt","Non indexable","Bloqué par robots.txt"
"https://www.promovacances.com/affiliation/","","0","Bloqué par robots.txt","Non indexable","Bloqué par robots.txt"
"https://www.promovacances.com/voyage-responsable/","","0","Bloqué par robots.txt","Non indexable","Bloqué par robots.txt"
"https://www.promovacances.com/fstrz/r/s/static.service-voyages.com/photos/vignettes/promovacances.com/20260105104652-promovacances.com-Baleares-640X370_Desktop_PMVCV1.jpg","","0","Bloqué par robots.txt","Non indexable","Bloqué par robots.txt"
"https://www.promovacances.com/fstrz/r/s/static.service-voyages.com/photos/vignettes/promovacances.com/20260105112806-promovacances.com-Tunisie-640X370_Desktop_PMVC.jpg","","0","Bloqué par robots.txt","Non indexable","Bloqué par robots.txt"
"https://www.promovacances.com/fstrz/r/s/static.service-voyages.com/photos/vignettes/promovacances.com/20260105104631-promovacances.com-Canaries-640X370_Desktop_PMVC.jpg","","0","Bloqué par robots.txt","Non indexable","Bloqué par robots.txt"
"https://www.promovacances.com/fstrz/r/s/static.service-voyages.com/photos/vignettes/promovacances.com/20251219130633-promovacances.com-Clubs-310X574_Desktop_PMVC.jpg","","0","Bloqué par robots.txt","Non indexable","Bloqué par robots.txt"
"https://www.promovacances.com/fstrz/r/s/static.service-voyages.com/photos/vignettes/promovacances.com/20251219135332-promovacances.com-Circuits-640X277_Desktop_PMVC.jpg","","0","Bloqué par robots.txt","Non indexable","Bloqué par robots.txt"
"https://www.promovacances.com/fstrz/r/s/static.service-voyages.com/photos/vignettes/promovacances.com/20210915152850-promovacances.com-Lyon_Hp_focus_Canaries_282x188-vgn.jpg","","0","Bloqué par robots.txt","Non indexable","Bloqué par robots.txt"
"https://www.promovacances.com/fstrz/r/s/static.service-voyages.com/photos/vignettes/promovacances.com/20260105104645-promovacances.com-WE-640X370_Desktop_PMVC.jpg","","0","Bloqué par robots.txt","Non indexable","Bloqué par robots.txt"
"https://www.promovacances.com/fstrz/r/s/static.service-voyages.com/photos/vignettes/promovacances.com/20251219130642-promovacances.com-Sejour-canaries-310X277_Desktop_PMVC.jpg","","0","Bloqué par robots.txt","Non indexable","Bloqué par robots.txt"
"https://www.promovacances.com/fstrz/r/s/static.service-voyages.com/photos/vignettes/promovacances.com/20220921180213-promovacances.com-familles_2_768x500.jpg","","0","Bloqué par robots.txt","Non indexable","Bloqué par robots.txt"
"https://www.promovacances.com/fstrz/r/s/static.service-voyages.com/photos/vignettes/promovacances.com/20220826105614-promovacances.com-mobile.png","","0","Bloqué par robots.txt","Non indexable","Bloqué par robots.txt"
"https://www.promovacances.com/fstrz/r/s/static.service-voyages.com/photos/vignettes/promovacances.com/20241204103528-promovacances.com-promovacances_1920x340.jpg","","0","Bloqué par robots.txt","Non indexable","Bloqué par robots.txt"
"https://www.promovacances.com/fstrz/r/s/static.service-voyages.com/photos/vignettes/promovacances.com/20210604100004-promovacances.com-Affiliation_vignettes-hotel_456x304_DCR.png","","0","Bloqué par robots.txt","Non indexable","Bloqué par robots.txt"
"https://www.promovacances.com/fstrz/r/s/static.service-voyages.com/photos/vignettes/promovacances.com/20210604100014-promovacances.com-Affiliation_vignettes-hotel_456x304_NPB.png","","0","Bloqué par robots.txt","Non indexable","Bloqué par robots.txt"
"https://www.promovacances.com/fstrz/r/s/static.service-voyages.com/photos/vignettes/promovacances.com/20210604100025-promovacances.com-Affiliation_vignettes-hotel_456x304_SQL.png","","0","Bloqué par robots.txt","Non indexable","Bloqué par robots.txt"
"https://www.promovacances.com/fstrz/r/s/static.service-voyages.com/photos/vignettes/promovacances.com/20210604100029-promovacances.com-Affiliation_vignettes-hotel_456x304_villages-natures.png","","0","Bloqué par robots.txt","Non indexable","Bloqué par robots.txt"
"https://www.promovacances.com/fstrz/r/s/static.service-voyages.com/photos/vignettes/promovacances.com/20210604095959-promovacances.com-Affiliation_vignettes-hotel_456x304_CHY.png","","0","Bloqué par robots.txt","Non indexable","Bloqué par robots.txt"
"https://www.promovacances.com/fstrz/r/s/static.service-voyages.com/photos/vignettes/promovacances.com/20210604121622-promovacances.com-Affiliation_vignettes-DHNY_456x304.jpg","","0","Bloqué par robots.txt","Non indexable","Bloqué par robots.txt"
"https://www.promovacances.com/fstrz/r/s/static.service-voyages.com/photos/vignettes/promovacances.com/20230504111605-promovacances.com-Affiliation_vignettes-hotel_456x304_SFE.png","","0","Bloqué par robots.txt","Non indexable","Bloqué par robots.txt"
"https://www.promovacances.com/","text/html;charset=UTF-8","200","OK","Indexable",""
"https://www.promovacances.com/destinations/vacances-et-sejours/vacances-en-famille/theme,28/","text/html;charset=UTF-8","200","OK","Indexable",""
"https://www.promovacances.com/information/","text/html;charset=UTF-8","200","OK","Indexable",""
"https://www.promovacances.com/vacances-sejour-hotel/voyage-italie/","text/html;charset=UTF-8","200","OK","Indexable",""
"https://www.promovacances.com/idees-vacances/vacances-disney/","text/html;charset=UTF-8","200","OK","Indexable",""
"https://www.promovacances.com/vacances/circuit-touristique/sejour-circuit-maroc/theme,/pays,149/ville,/","text/html;charset=UTF-8","200","OK","Indexable",""
"https://www.promovacances.com/vacances-sejour-hotel/voyage-hotel-dubai-city/dubai-et-emirats-emirats-arabes-unis/","text/html;charset=UTF-8","200","OK","Indexable",""
"https://www.promovacances.com/hotel-sagitario-princesa-playa/minorque-ciutadella-47475.html","text/html;charset=UTF-8","200","OK","Indexable",""
"https://www.promovacances.com/france/campings-france/","text/html;charset=UTF-8","200","OK","Indexable",""
"https://www.promovacances.com/voyage-pas-cher/vacances-pas-chers/","text/html;charset=UTF-8","200","OK","Indexable",""
"https://www.promovacances.com/idees-vacances/offres-croisieres-iles-grenadines/","text/html;charset=UTF-8","200","OK","Indexable",""
"https://www.promovacances.com/vacances/circuit-touristique/sejour-circuit-mexique/theme,/pays,153/ville,/","text/html;charset=UTF-8","200","OK","Indexable",""
"https://www.promovacances.com/vacances-sejour-hotel/voyage-tanzanie/","text/html;charset=UTF-8","200","OK","Indexable",""
"https://www.promovacances.com/croisiere-egypte/gloire-des-pharaons-79859.html","text/html;charset=UTF-8","200","OK","Indexable",""
"https://www.promovacances.com/hotel-jumbo-riu-lupita/mexique-playa-del-carmen-61611.html","text/html;charset=UTF-8","200","OK","Indexable",""
"https://www.promovacances.com/hotel-ramada-attica-riviera/grece-vravrona-59188.html","text/html;charset=UTF-8","200","OK","Indexable",""
"https://www.promovacances.com/vacances-sejour-hotel/voyage-egypte/","text/html;charset=UTF-8","200","OK","Indexable",""
"https://www.promovacances.com/vacances-sejour-hotel/voyage-oman/","text/html;charset=UTF-8","200","OK","Indexable",""
"https://www.promovacances.com/vacances/circuit-touristique/sejour-circuit-egypte/theme,/pays,62/ville,/","text/html;charset=UTF-8","200","OK","Indexable",""
"https://www.promovacances.com/vacances-sejour-hotel/voyage-bali/indonesie/","text/html;charset=UTF-8","200","OK","Indexable",""
"https://www.promovacances.com/destinations/week-end-pas-cher/sejour-week-end/theme,/","text/html;charset=UTF-8","200","OK","Indexable",""
"https://www.promovacances.com/vacances-sejour-hotel/voyage-madere/","text/html;charset=UTF-8","200","OK","Indexable",""
"https://www.promovacances.com/vacances-sejour-hotel/voyage-ile-maurice/","text/html;charset=UTF-8","200","OK","Indexable",""
"https://www.promovacances.com/vacances-sejour-hotel/voyage-portugal/","text/html;charset=UTF-8","200","OK","Indexable",""
"https://www.promovacances.com/vacances-sejour-hotel/voyage-grece/","text/html;charset=UTF-8","200","OK","Non indexable","noindex"
"https://www.promovacances.com/circuit-thailande/essentiels-de-la-thailande-62681.html","text/html;charset=UTF-8","200","OK","Indexable",""
"https://www.promovacances.com/accueil/ski/","text/html;charset=UTF-8","200","OK","Indexable",""
"https://www.promovacances.com/france/club-le-village-des-isles-haute-corse-taglio-48641.html","text/html;charset=UTF-8","200","OK","Indexable",""
"https://www.promovacances.com/vacances-sejour-hotel/voyage-sardaigne/italie/","text/html;charset=UTF-8","200","OK","Indexable",""
"https://www.promovacances.com/vacances-sejour-hotel/voyage-sri-lanka/","text/html;charset=UTF-8","200","OK","Indexable",""
"https://www.promovacances.com/idees-vacances/partir/vacances-avril/","text/html;charset=UTF-8","200","OK","Indexable",""
"https://www.promovacances.com/hotel-framissima-elion-seaside-resort/grece-vassilikos-74259.html","text/html;charset=UTF-8","200","OK","Indexable",""
"https://www.promovacances.com/circuit-corse/decouverte-dexception-propriano-les-pieds-dans-leau-au-belambra-arena-bianca-79798.html","text/html;charset=UTF-8","200","OK","Indexable",""
"https://www.promovacances.com/vacances-sejour-hotel/voyage-malte/","text/html;charset=UTF-8","200","OK","Indexable",""
"https://www.promovacances.com/vacances/circuit-touristique/sejour-circuit-canada/theme,/pays,37/ville,/","text/html;charset=UTF-8","200","OK","Indexable",""
"https://www.promovacances.com/accueil/france/","text/html;charset=UTF-8","200","OK","Indexable",""
"https://www.promovacances.com/vacances/circuit-touristique/sejour-circuit-inde/theme,/pays,118/ville,/","text/html;charset=UTF-8","200","OK","Indexable",""
"https://www.promovacances.com/hotel-jumbo-hammamet-beach/tunisie-hammamet-53550.html","text/html;charset=UTF-8","200","OK","Indexable",""
"https://www.promovacances.com/vacances/circuit-touristique/sejour-circuit-costa-rica/theme,/pays,52/ville,/","text/html;charset=UTF-8","200","OK","Indexable",""
"https://www.promovacances.com/vacances-sejour-hotel/voyage-baleares/espagne/","text/html;charset=UTF-8","200","OK","Indexable",""
"https://www.promovacances.com/hotel-jumbo-petit-village-proche-palmariva/grece-eretria-75582.html","text/html;charset=UTF-8","200","OK","Indexable",""
"https://www.promovacances.com/vacances-sejour-hotel/voyage-japon/","text/html;charset=UTF-8","200","OK","Indexable",""
"https://www.promovacances.com/vacances-sejour-hotel/voyage-maldives/","text/html;charset=UTF-8","200","OK","Indexable",""
"https://www.promovacances.com/accueil/voyage-tout-compris/","text/html;charset=UTF-8","200","OK","Indexable",""
"https://www.promovacances.com/vacances/circuit-touristique/sejour-circuit-thailande/theme,/pays,215/ville,/","text/html;charset=UTF-8","200","OK","Indexable",""
"https://www.promovacances.com/vacances-sejour-hotel/voyage-hotel-sicile/sicile-et-italie-du-sud-italie/","text/html;charset=UTF-8","200","OK","Indexable",""
"https://www.promovacances.com/vacances-sejour-hotel/voyage-thailande/","text/html;charset=UTF-8","200","OK","Indexable",""
"https://www.promovacances.com/destinations/sejour-voyage/sejour/theme,/","text/html;charset=UTF-8","200","OK","Indexable",""
"https://www.promovacances.com/accueil/sejour-thalasso/","text/html;charset=UTF-8","200","OK","Indexable",""
"https://www.promovacances.com/vacances-sejour-hotel/voyage-hotel-martinique/iles-grenadines-antilles/","text/html;charset=UTF-8","200","OK","Indexable",""
"https://www.promovacances.com/vacances-sejour-hotel/voyage-croatie-et-cote-dalmate/","text/html;charset=UTF-8","200","OK","Indexable",""
"https://www.promovacances.com/hotel-framissima-oasis-belorizonte/cap-vert-santa-maria-61514.html","text/html;charset=UTF-8","200","OK","Indexable",""
"https://www.promovacances.com/mes-favoris/","text/html;charset=UTF-8","200","OK","Non indexable","noindex"
"https://www.promovacances.com/hotel-jumbo-castell-dels-hams/baleares-porto-cristo-61409.html","text/html;charset=UTF-8","200","OK","Indexable",""
"https://www.promovacances.com/accueil/circuit-touristique/","text/html;charset=UTF-8","200","OK","Indexable",""
"https://www.promovacances.com/vacances-sejour-hotel/voyage-etats-unis/","text/html;charset=UTF-8","200","OK","Indexable",""
"https://www.promovacances.com/vacances-sejour-hotel/voyage-punta-cana/republique-dominicaine/","text/html;charset=UTF-8","200","OK","Indexable",""
"https://www.promovacances.com/vacances-sejour-hotel/voyage-espagne/","text/html;charset=UTF-8","200","OK","Indexable",""
"https://www.promovacances.com/vacances/circuit-touristique/sejour-circuit-senegal/theme,/pays,196/ville,/","text/html;charset=UTF-8","200","OK","Indexable",""
"https://www.promovacances.com/vacances-sejour-hotel/voyage-turquie/","text/html;charset=UTF-8","200","OK","Indexable",""
"https://www.promovacances.com/information/securite-paiement/","text/html;charset=UTF-8","200","OK","Indexable",""
"https://www.promovacances.com/vacances-sejour-hotel/voyage-djerba/tunisie/","text/html;charset=UTF-8","200","OK","Indexable",""
"https://www.promovacances.com/vacances-sejour-hotel/voyage-maroc/","text/html;charset=UTF-8","200","OK","Indexable",""
"https://www.promovacances.com/vacances/circuit-touristique/sejour-circuit-canaries/theme,/pays,38/ville,/","text/html;charset=UTF-8","200","OK","Indexable",""
"https://www.promovacances.com/vacances-sejour-hotel/voyage-guadeloupe/antilles/","text/html;charset=UTF-8","200","OK","Indexable",""
"https://www.promovacances.com/idees-vacances/vacances-campings/","text/html;charset=UTF-8","200","OK","Indexable",""
"https://www.promovacances.com/voyage-de-groupe/","text/html;charset=UTF-8","200","OK","Indexable",""
"https://www.promovacances.com/idees-vacances/ventes-flash/","text/html;charset=UTF-8","200","OK","Indexable",""
"https://www.promovacances.com/idees-vacances/voyage-toussaint/","text/html;charset=UTF-8","200","OK","Indexable",""
"https://www.promovacances.com/vacances-sejour-hotel/voyage-zanzibar/zanzibar/","text/html;charset=UTF-8","200","OK","Indexable",""
"https://www.promovacances.com/vacances-sejour-hotel/voyage-antilles/","text/html;charset=UTF-8","200","OK","Indexable",""
"https://www.promovacances.com/vacances/circuit-touristique/sejour-circuit-sri-lanka/theme,/pays,206/ville,/","text/html;charset=UTF-8","200","OK","Indexable",""
"https://www.promovacances.com/vacances-sejour-hotel/voyage-tunisie/","text/html;charset=UTF-8","200","OK","Indexable",""
"https://www.promovacances.com/vacances-sejour-hotel/voyage-hotel-marrakech/marrakech-villes-imperiales-maroc/","text/html;charset=UTF-8","200","OK","Indexable",""
"https://www.promovacances.com/vacances-sejour-hotel/voyage-hotel-corfou/iles-grecques-grece/","text/html;charset=UTF-8","200","OK","Indexable",""
"https://www.promovacances.com/vacances-sejour-hotel/voyage-crete/grece/","text/html;charset=UTF-8","200","OK","Indexable",""
"https://www.promovacances.com/vacances-sejour-hotel/voyage-afrique-du-sud/","text/html;charset=UTF-8","200","OK","Indexable",""
"https://www.promovacances.com/circuit-inde/beautes-du-rajasthan-62171.html","text/html;charset=UTF-8","200","OK","Indexable",""
"https://www.promovacances.com/vacances-sejour-hotel/voyage-cuba/","text/html;charset=UTF-8","200","OK","Indexable",""
"https://www.promovacances.com/vacances-sejour-hotel/voyage-senegal/","text/html;charset=UTF-8","200","OK","Indexable",""
"https://www.promovacances.com/vacances-sejour-hotel/voyage-seychelles/","text/html;charset=UTF-8","200","OK","Indexable",""
"https://www.promovacances.com/vacances-sejour-hotel/voyage-cap-vert/","text/html;charset=UTF-8","200","OK","Indexable",""
"https://www.promovacances.com/qui-sommes-nous/","text/html;charset=UTF-8","200","OK","Indexable",""
"https://www.promovacances.com/vacances-sejour-hotel/voyage-kenya/","text/html;charset=UTF-8","200","OK","Indexable",""
"https://www.promovacances.com/accueil/week-end-pas-cher/","text/html;charset=UTF-8","200","OK","Indexable",""
"https://www.promovacances.com/vacances/circuit-touristique/sejour-circuit-cuba/theme,/pays,56/ville,/","text/html;charset=UTF-8","200","OK","Indexable",""
"https://www.promovacances.com/vol-pas-cher/","text/html;charset=UTF-8","200","OK","Indexable",""
"https://www.promovacances.com/idees-vacances/offres-coup-de-coeur/","text/html;charset=UTF-8","200","OK","Indexable",""
"https://www.promovacances.com/vacances-sejour-hotel/voyage-republique-dominicaine/","text/html;charset=UTF-8","200","OK","Indexable",""
"https://www.promovacances.com/hotel-jumbo-quercus/croatie-drvenik-60089.html","text/html;charset=UTF-8","200","OK","Indexable",""
"https://www.promovacances.com/vacances-sejour-hotel/voyage-canaries/espagne/","text/html;charset=UTF-8","200","OK","Indexable",""
"https://www.promovacances.com/accueil/hotel-club-vacances/","text/html;charset=UTF-8","200","OK","Indexable",""
"https://www.promovacances.com/accueil/vacances-au-soleil/","text/html;charset=UTF-8","200","OK","Indexable",""
"https://www.promovacances.com/agences-de-voyages/","text/html;charset=UTF-8","200","OK","Non indexable","noindex"
"https://www.promovacances.com/idees-vacances/week-end-amoureux/","text/html;charset=UTF-8","200","OK","Indexable",""
"https://www.promovacances.com/vacances-sejour-hotel/voyage-hotel-majorque/baleares-espagne/","text/html;charset=UTF-8","200","OK","Indexable",""
"https://www.promovacances.com/idees-vacances/black-friday/","text/html;charset=UTF-8","200","OK","Indexable",""
"https://www.promovacances.com/france/locations-vacances-france/","text/html;charset=UTF-8","200","OK","Indexable",""
"https://www.promovacances.com/hotel-plein-vent-selection-coral-costa-caribe-beach-resort/republique-dominicaine-juan-dolio-49778.html","text/html;charset=UTF-8","200","OK","Indexable",""
"https://www.promovacances.com/hotel-framissima-holiday-club-laponie-activites-incluses/finlande-saariselka-59744.html","text/html;charset=UTF-8","200","OK","Indexable",""
"https://www.promovacances.com/vacances/sejour-2en1/sejour-circuit-2en1/theme,289/pays,/ville,/","text/html;charset=UTF-8","200","OK","Indexable",""
"https://www.promovacances.com/espace-client/login","text/html;charset=UTF-8","200","OK","Indexable",""
"https://www.promovacances.com/vacances-sejour-hotel/voyage-bulgarie/","text/html;charset=UTF-8","200","OK","Indexable",""
"https://www.promovacances.com/destinations/voyage-derniere-minute/voyage/theme,/","text/html;charset=UTF-8","200","OK","Indexable",""
"https://www.promovacances.com/idees-vacances/partir/vacances-printemps/","text/html;charset=UTF-8","200","OK","Indexable",""
"https://www.promovacances.com/vacances/vacances-en-famille/vacances-en-famille-sri-lanka/theme,28/pays,206/ville,/","text/html;charset=UTF-8","200","OK","Indexable",""
"https://www.promovacances.com/vacances/vacances-en-famille/vacances-en-famille-panama/theme,28/pays,170/ville,/","text/html;charset=UTF-8","200","OK","Indexable",""
"https://www.promovacances.com/vacances/vacances-en-famille/vacances-en-famille-djerba/theme,28/pays,219/ville,714/","text/html;charset=UTF-8","200","OK","Indexable",""
"https://www.promovacances.com/vacances/vacances-en-famille/vacances-en-famille-hammamet/theme,28/pays,219/ville,845/","text/html;charset=UTF-8","200","OK","Indexable",""
"https://www.promovacances.com/vacances/vacances-en-famille/vacances-en-famille-baleares/theme,28/pays,19/ville,/","text/html;charset=UTF-8","200","OK","Indexable",""
"https://www.promovacances.com/vacances/vacances-en-famille/vacances-en-famille-cap-vert/theme,28/pays,39/ville,/","text/html;charset=UTF-8","200","OK","Indexable",""
"https://www.promovacances.com/vacances/vacances-en-famille/vacances-en-famille-corfou/theme,28/pays,50/ville,/","text/html;charset=UTF-8","200","OK","Indexable",""
"https://www.promovacances.com/vacances/vacances-en-famille/vacances-en-famille-bulgarie/theme,28/pays,32/ville,/","text/html;charset=UTF-8","200","OK","Indexable",""
"https://www.promovacances.com/vacances/vacances-en-famille/vacances-en-famille-bali/theme,28/pays,20/ville,/","text/html;charset=UTF-8","200","OK","Indexable",""
"https://www.promovacances.com/vacances/vacances-en-famille/vacances-en-famille-ibiza/theme,28/pays,112/ville,/","text/html;charset=UTF-8","200","OK","Indexable",""
"https://www.promovacances.com/vacances/vacances-en-famille/vacances-en-famille-finlande/theme,28/pays,71/ville,/","text/html;charset=UTF-8","200","OK","Indexable",""
"https://www.promovacances.com/vacances/vacances-en-famille/vacances-en-famille-lanzarote/theme,28/pays,235/ville,/","text/html;charset=UTF-8","200","OK","Indexable",""
"https://www.promovacances.com/vacances/vacances-en-famille/vacances-en-famille-essaouira/theme,28/pays,149/ville,248/","text/html;charset=UTF-8","200","OK","Indexable",""
"https://www.promovacances.com/vacances/vacances-en-famille/vacances-en-famille-senegal/theme,28/pays,196/ville,/","text/html;charset=UTF-8","200","OK","Indexable",""
"https://www.promovacances.com/vacances/vacances-en-famille/vacances-en-famille-costa-rica/theme,28/pays,52/ville,/","text/html;charset=UTF-8","200","OK","Indexable",""
"https://www.promovacances.com/vacances/vacances-en-famille/vacances-en-famille-marrakech/theme,28/pays,149/ville,1269/","text/html;charset=UTF-8","200","OK","Indexable",""
"https://www.promovacances.com/vacances/vacances-en-famille/vacances-en-famille-ras-al-khaimah/theme,28/pays,262/ville,/","text/html;charset=UTF-8","200","OK","Indexable",""
"https://www.promovacances.com/vacances/vacances-en-famille/vacances-en-famille-autriche/theme,28/pays,16/ville,/","text/html;charset=UTF-8","200","OK","Indexable",""
"https://www.promovacances.com/vacances/vacances-en-famille/vacances-en-famille-tunisie/theme,28/pays,219/ville,/","text/html;charset=UTF-8","200","OK","Indexable",""
"https://www.promovacances.com/vacances/vacances-en-famille/vacances-en-famille-barcelone/theme,28/pays,66/ville,511/","text/html;charset=UTF-8","200","OK","Indexable",""
"https://www.promovacances.com/vacances/vacances-en-famille/vacances-en-famille-dubai-et-les-emirats/theme,28/pays,258/ville,/","text/html;charset=UTF-8","200","OK","Indexable",""
"https://www.promovacances.com/vacances-sejour-hotel/voyage-floride/etats-unis/","text/html;charset=UTF-8","200","OK","Indexable",""
"https://www.promovacances.com/vacances/vacances-en-famille/vacances-en-famille-rio/theme,28/pays,31/ville,1290/","text/html;charset=UTF-8","200","OK","Indexable",""
"https://www.promovacances.com/vacances/vacances-en-famille/vacances-en-famille-fujairah/theme,28/pays,261/ville,/","text/html;charset=UTF-8","200","OK","Indexable",""
"https://www.promovacances.com/vacances/vacances-en-famille/vacances-en-famille-maldives/theme,28/pays,146/ville,/","text/html;charset=UTF-8","200","OK","Indexable",""
"https://www.promovacances.com/vacances/vacances-en-famille/vacances-en-famille-rhodes/theme,28/pays,114/ville,/","text/html;charset=UTF-8","200","OK","Indexable",""
"https://www.promovacances.com/vacances/vacances-en-famille/vacances-en-famille-iles-grenadines/theme,28/pays,243/ville,/","text/html;charset=UTF-8","200","OK","Indexable",""
"https://www.promovacances.com/vacances/vacances-en-famille/vacances-en-famille-monastir/theme,28/pays,219/ville,1074/","text/html;charset=UTF-8","200","OK","Indexable",""
"https://www.promovacances.com/vacances/vacances-en-famille/vacances-en-famille-guadeloupe/theme,28/pays,100/ville,/","text/html;charset=UTF-8","200","OK","Indexable",""
"https://www.promovacances.com/vacances/vacances-en-famille/vacances-en-famille-madagascar/theme,28/pays,142/ville,/","text/html;charset=UTF-8","200","OK","Indexable",""
"https://www.promovacances.com/vacances/vacances-en-famille/vacances-en-famille-republique-dominicaine/theme,28/pays,183/ville,/","text/html;charset=UTF-8","200","OK","Indexable",""
"https://www.promovacances.com/vacances/vacances-en-famille/vacances-en-famille-tanzanie/theme,28/pays,213/ville,/","text/html;charset=UTF-8","200","OK","Indexable",""
"https://www.promovacances.com/vacances/vacances-en-famille/vacances-en-famille-fuerteventura/theme,28/pays,231/ville,/","text/html;charset=UTF-8","200","OK","Indexable",""
"https://www.promovacances.com/vacances/vacances-en-famille/vacances-en-famille-martinique/theme,28/pays,150/ville,/","text/html;charset=UTF-8","200","OK","Indexable",""
"https://www.promovacances.com/vacances/vacances-en-famille/vacances-en-famille-jamaique/theme,28/pays,126/ville,/","text/html;charset=UTF-8","200","OK","Indexable",""
"https://www.promovacances.com/vacances/vacances-en-famille/vacances-en-famille-egypte/theme,28/pays,62/ville,/","text/html;charset=UTF-8","200","OK","Indexable",""
"https://www.promovacances.com/vacances/vacances-en-famille/vacances-en-famille-allemagne/theme,28/pays,5/ville,/","text/html;charset=UTF-8","200","OK","Indexable",""
"https://www.promovacances.com/vacances/vacances-en-famille/vacances-en-famille-agadir/theme,28/pays,149/ville,431/","text/html;charset=UTF-8","200","OK","Indexable",""
"https://www.promovacances.com/vacances/vacances-en-famille/vacances-en-famille-santa-clara/theme,28/pays,56/ville,4882/","text/html;charset=UTF-8","200","OK","Indexable",""
"https://www.promovacances.com/vacances/vacances-en-famille/vacances-en-famille-majorque/theme,28/pays,486/ville,/","text/html;charset=UTF-8","200","OK","Indexable",""
"https://www.promovacances.com/vacances/vacances-en-famille/vacances-en-famille-indonesie/theme,28/pays,119/ville,/","text/html;charset=UTF-8","200","OK","Indexable",""
"https://www.promovacances.com/vacances/vacances-en-famille/vacances-en-famille-kenya/theme,28/pays,130/ville,/","text/html;charset=UTF-8","200","OK","Indexable",""
"https://www.promovacances.com/vacances/vacances-en-famille/vacances-en-famille-mexique/theme,28/pays,153/ville,/","text/html;charset=UTF-8","200","OK","Indexable",""
"https://www.promovacances.com/vacances/vacances-en-famille/vacances-en-famille-grande-canarie/theme,28/pays,321/ville,/","text/html;charset=UTF-8","200","OK","Indexable",""
"https://www.promovacances.com/vacances/vacances-en-famille/vacances-en-famille-minorque/theme,28/pays,19/ville,1073/","text/html;charset=UTF-8","200","OK","Indexable",""
"https://www.promovacances.com/vacances/vacances-en-famille/vacances-en-famille-maroc/theme,28/pays,149/ville,/","text/html;charset=UTF-8","200","OK","Indexable",""
"https://www.promovacances.com/vacances/vacances-en-famille/vacances-en-famille-vietnam/theme,28/pays,224/ville,/","text/html;charset=UTF-8","200","OK","Indexable",""
"https://www.promovacances.com/vacances/vacances-en-famille/vacances-en-famille-madere/theme,28/pays,143/ville,/","text/html;charset=UTF-8","200","OK","Indexable",""
"https://www.promovacances.com/vacances/vacances-en-famille/vacances-en-famille-phuket/theme,28/pays,256/ville,/","text/html;charset=UTF-8","200","OK","Indexable",""
"https://www.promovacances.com/vacances/vacances-en-famille/vacances-en-famille-ile-maurice/theme,28/pays,116/ville,/","text/html;charset=UTF-8","200","OK","Indexable",""
"https://www.promovacances.com/vacances/vacances-en-famille/vacances-en-famille-izmir/theme,28/pays,220/ville,898/","text/html;charset=UTF-8","200","OK","Indexable",""
"https://www.promovacances.com/vacances/vacances-en-famille/vacances-en-famille-oman/theme,28/pays,166/ville,/","text/html;charset=UTF-8","200","OK","Indexable",""
"https://www.promovacances.com/vacances/vacances-en-famille/vacances-en-famille-tahiti/theme,28/pays,211/ville,/","text/html;charset=UTF-8","200","OK","Indexable",""
"https://www.promovacances.com/vacances/vacances-en-famille/vacances-en-famille-crete/theme,28/pays,54/ville,/","text/html;charset=UTF-8","200","OK","Indexable",""
"https://www.promovacances.com/vacances/vacances-en-famille/vacances-en-famille-grece/theme,28/pays,97/ville,/","text/html;charset=UTF-8","200","OK","Indexable",""
"https://www.promovacances.com/france/location-vacances-occitanie/","text/html;charset=UTF-8","200","OK","Indexable",""
"https://www.promovacances.com/vacances/vacances-en-famille/vacances-en-famille-tunis/theme,28/pays,219/ville,1485/","text/html;charset=UTF-8","200","OK","Indexable",""
"https://www.promovacances.com/france/montagne/location-alpes/","text/html;charset=UTF-8","200","OK","Indexable",""
"https://www.promovacances.com/vacances/vacances-en-famille/vacances-en-famille-seville/theme,28/pays,6/ville,1719/","text/html;charset=UTF-8","200","OK","Indexable",""
"https://www.promovacances.com/vacances/vacances-en-famille/vacances-en-famille-montenegro/theme,28/pays,156/ville,/","text/html;charset=UTF-8","200","OK","Indexable",""
"https://www.promovacances.com/vacances/vacances-en-famille/vacances-en-famille-cuba/theme,28/pays,56/ville,/","text/html;charset=UTF-8","200","OK","Indexable",""
"https://www.promovacances.com/vacances/vacances-en-famille/vacances-en-famille-thailande/theme,28/pays,215/ville,/","text/html;charset=UTF-8","200","OK","Indexable",""
"https://www.promovacances.com/vacances/vacances-en-famille/vacances-en-famille-grece---les-cyclades/theme,28/pays,322/ville,/","text/html;charset=UTF-8","200","OK","Indexable",""
"https://www.promovacances.com/vacances/vacances-en-famille/vacances-en-famille-polynesie-francaise/theme,28/pays,176/ville,/","text/html;charset=UTF-8","200","OK","Indexable",""
"https://www.promovacances.com/vacances/vacances-en-famille/vacances-en-famille-dubai/theme,28/pays,258/ville,1764/","text/html;charset=UTF-8","200","OK","Indexable",""
"https://www.promovacances.com/vacances/vacances-en-famille/vacances-en-famille-emirats-arabes-unis/theme,28/pays,259/ville,/","text/html;charset=UTF-8","200","OK","Indexable",""
"https://www.promovacances.com/vacances/vacances-en-famille/vacances-en-famille-chypre/theme,28/pays,44/ville,/","text/html;charset=UTF-8","200","OK","Indexable",""
"https://www.promovacances.com/vacances/vacances-en-famille/vacances-en-famille-bahamas/theme,28/pays,18/ville,/","text/html;charset=UTF-8","200","OK","Indexable",""
"https://www.promovacances.com/vacances/vacances-en-famille/vacances-en-famille-algarve/theme,28/pays,254/ville,/","text/html;charset=UTF-8","200","OK","Indexable",""
"https://www.promovacances.com/vacances/vacances-en-famille/vacances-en-famille-koh-samui/theme,28/pays,215/ville,930/","text/html;charset=UTF-8","200","OK","Indexable",""
"https://www.promovacances.com/vacances/vacances-en-famille/vacances-en-famille-mykonos/theme,28/pays,233/ville,/","text/html;charset=UTF-8","200","OK","Indexable",""
"https://www.promovacances.com/vacances/vacances-en-famille/vacances-en-famille/theme,28/pays,/ville,/","text/html;charset=UTF-8","200","OK","Indexable",""
"https://www.promovacances.com/vacances/vacances-en-famille/vacances-en-famille-malte/theme,28/pays,148/ville,/","text/html;charset=UTF-8","200","OK","Indexable",""
"https://www.promovacances.com/vacances/vacances-en-famille/vacances-en-famille-tenerife/theme,28/pays,429/ville,/","text/html;charset=UTF-8","200","OK","Indexable",""
"https://www.promovacances.com/vacances/vacances-en-famille/vacances-en-famille-canaries/theme,28/pays,38/ville,/","text/html;charset=UTF-8","200","OK","Indexable",""
"https://www.promovacances.com/france/location-vacances-corse/","text/html;charset=UTF-8","200","OK","Indexable",""
"https://www.promovacances.com/vacances/vacances-en-famille/vacances-en-famille-turquie/theme,28/pays,220/ville,/","text/html;charset=UTF-8","200","OK","Indexable",""
"https://www.promovacances.com/vacances/vacances-en-famille/vacances-en-famille-andalousie/theme,28/pays,6/ville,/","text/html;charset=UTF-8","200","OK","Indexable",""
"https://www.promovacances.com/vacances/vacances-en-famille/vacances-en-famille-espagne/theme,28/pays,66/ville,/","text/html;charset=UTF-8","200","OK","Indexable",""
"https://www.promovacances.com/vacances/vacances-en-famille/vacances-en-famille-maroc-balneaire/theme,28/pays,323/ville,/","text/html;charset=UTF-8","200","OK","Indexable",""
"https://www.promovacances.com/vacances/vacances-en-famille/vacances-en-famille-bodrum/theme,28/pays,220/ville,571/","text/html;charset=UTF-8","200","OK","Indexable",""
"https://www.promovacances.com/vacances/vacances-en-famille/vacances-en-famille-sardaigne/theme,28/pays,195/ville,/","text/html;charset=UTF-8","200","OK","Indexable",""
"https://www.promovacances.com/vacances/vacances-en-famille/vacances-en-famille-seychelles/theme,28/pays,198/ville,/","text/html;charset=UTF-8","200","OK","Indexable",""
"https://www.promovacances.com/vacances/vacances-en-famille/vacances-en-famille-mexique-balneaire/theme,28/pays,249/ville,/","text/html;charset=UTF-8","200","OK","Indexable",""
"https://www.promovacances.com/vacances/vacances-en-famille/vacances-en-famille-bresil/theme,28/pays,31/ville,/","text/html;charset=UTF-8","200","OK","Indexable",""
"https://www.promovacances.com/vacances/vacances-en-famille/vacances-en-famille-italie/theme,28/pays,125/ville,/","text/html;charset=UTF-8","200","OK","Indexable",""
"https://www.promovacances.com/vacances/vacances-en-famille/vacances-en-famille-croatie/theme,28/pays,55/ville,/","text/html;charset=UTF-8","200","OK","Indexable",""
"https://www.promovacances.com/vacances/vacances-en-famille/vacances-en-famille-hurghada/theme,28/pays,62/ville,867/","text/html;charset=UTF-8","200","OK","Indexable",""
"https://www.promovacances.com/vacances/vacances-en-famille/vacances-en-famille-lisbonne/theme,28/pays,178/ville,991/","text/html;charset=UTF-8","200","OK","Indexable",""
"https://www.promovacances.com/vacances/vacances-en-famille/vacances-en-famille-antalya/theme,28/pays,220/ville,497/","text/html;charset=UTF-8","200","OK","Indexable",""
"https://www.promovacances.com/vacances/vacances-en-famille/vacances-en-famille-mer-rouge/theme,28/pays,459/ville,/","text/html;charset=UTF-8","200","OK","Indexable",""
"https://www.promovacances.com/vacances/vacances-en-famille/vacances-en-famille-bangkok/theme,28/pays,215/ville,543/","text/html;charset=UTF-8","200","OK","Indexable",""
"https://www.promovacances.com/france/location-vacances-bretagne/","text/html;charset=UTF-8","200","OK","Indexable",""
"https://www.promovacances.com/vacances/vacances-en-famille/vacances-en-famille-reunion/theme,28/pays,185/ville,/","text/html;charset=UTF-8","200","OK","Indexable",""
"https://www.promovacances.com/vacances/vacances-en-famille/vacances-en-famille-qatar/theme,28/pays,179/ville,/","text/html;charset=UTF-8","200","OK","Indexable",""
"https://www.promovacances.com/vacances/vacances-en-famille/vacances-en-famille-albanie/theme,28/pays,3/ville,/","text/html;charset=UTF-8","200","OK","Indexable",""
"https://www.promovacances.com/vacances/vacances-en-famille/vacances-en-famille-antilles/theme,28/pays,10/ville,/","text/html;charset=UTF-8","200","OK","Indexable",""
"https://www.promovacances.com/vacances/vacances-en-famille/vacances-en-famille-sicile-et-italie-du-sud/theme,28/pays,199/ville,/","text/html;charset=UTF-8","200","OK","Indexable",""
"https://www.promovacances.com/vacances/vacances-en-famille/vacances-en-famille-ile-de-kos/theme,28/pays,113/ville,/","text/html;charset=UTF-8","200","OK","Indexable",""
"https://www.promovacances.com/vacances/vacances-en-famille/vacances-en-famille-portugal/theme,28/pays,178/ville,/","text/html;charset=UTF-8","200","OK","Indexable",""
"https://www.promovacances.com/france/location-vacances-sud-ouest/","text/html;charset=UTF-8","200","OK","Indexable",""
"https://www.promovacances.com/vacances/vacances-en-famille/vacances-en-famille-zanzibar/theme,28/pays,230/ville,/","text/html;charset=UTF-8","200","OK","Indexable",""
"https://www.promovacances.com/vacances/vacances-en-famille/vacances-en-famille-abu-dhabi/theme,28/pays,260/ville,/","text/html;charset=UTF-8","200","OK","Indexable",""
"https://www.promovacances.com/circuit-italie/reflets-d-italie-entre-toscane-et-venetie-79020.html","text/html;charset=UTF-8","200","OK","Indexable",""
"https://www.promovacances.com/voyage/hotel-budoni/sardaigne-italie/","text/html;charset=UTF-8","200","OK","Indexable",""
"https://www.promovacances.com/hotel-baja-bianca-by-ovoyages/sardaigne-san-teodoro-81506.html","text/html;charset=UTF-8","200","OK","Indexable",""
"https://www.promovacances.com/idees-vacances/partir/vacances-automne/","text/html;charset=UTF-8","200","OK","Indexable",""
"https://www.promovacances.com/vacances/voyage-derniere-minute/voyage-italie/theme,/pays,125/ville,/","text/html;charset=UTF-8","200","OK","Indexable",""
"https://www.promovacances.com/voyage/hotel-palerme/sicile-sicile-et-italie-du-sud-italie/","text/html;charset=UTF-8","200","OK","Indexable",""
"https://www.promovacances.com/circuit-italie/richesses-des-pouilles-73636.html","text/html;charset=UTF-8","200","OK","Indexable",""
"https://www.promovacances.com/hotel-oclub-experience-cala-della-torre/sardaigne-la-caletta-81511.html","text/html;charset=UTF-8","200","OK","Indexable",""
"https://www.promovacances.com/autotour-italie/balade-sur-les-routes-des-lacs-italiens-en-liberte-arrivee-milan-79805.html","text/html;charset=UTF-8","200","OK","Indexable",""
"https://www.promovacances.com/circuit-italie/escapade-magique-a-rome-82021.html","text/html;charset=UTF-8","200","OK","Indexable",""
"https://www.promovacances.com/autotour-italie/balade-en-toscane-route-des-vins-en-3-nuits-82027.html","text/html;charset=UTF-8","200","OK","Indexable",""
"https://www.promovacances.com/hotel-coralia-baia-d-oro/sicile-et-italie-du-sud-licata-57540.html","text/html;charset=UTF-8","200","OK","Indexable",""
"https://www.promovacances.com/circuit-italie/grand-voyage-en-italie-74195.html","text/html;charset=UTF-8","200","OK","Indexable",""
"https://www.promovacances.com/hotel-framissima-th-marina-di-pisticci-ex-ti-blu-village/italie-marina-di-pisticci-61348.html","text/html;charset=UTF-8","200","OK","Indexable",""
"https://www.promovacances.com/hotel-genio-rome/italie-rome-81272.html","text/html;charset=UTF-8","200","OK","Indexable",""
"https://www.promovacances.com/voyage/hotel-catane/sicile-sicile-et-italie-du-sud-italie/","text/html;charset=UTF-8","200","OK","Indexable",""
"https://www.promovacances.com/circuit-italie/heritage-et-liberte-rome-et-florence-en-train-82029.html","text/html;charset=UTF-8","200","OK","Indexable",""
"https://www.promovacances.com/vacances/vacances-et-sejours/voyage-tout-inclus-italie/theme,7/pays,125/ville,/","text/html;charset=UTF-8","200","OK","Indexable",""
"https://www.promovacances.com/circuit-italie/rome-et-naples-en-train-82015.html","text/html;charset=UTF-8","200","OK","Indexable",""
"https://www.promovacances.com/hotel-framissima-cala-regina/sicile-et-italie-du-sud-sciacca-80228.html","text/html;charset=UTF-8","200","OK","Indexable",""
"https://www.promovacances.com/vacances-sejour-hotel/voyage-naples-et-cote-amalfitaine/italie/","text/html;charset=UTF-8","200","OK","Indexable",""
"https://www.promovacances.com/circuit-italie/rome-florence-et-venise-en-train-81695.html","text/html;charset=UTF-8","200","OK","Indexable",""
"https://www.promovacances.com/vacances/circuit-touristique/sejour-circuit-italie/theme,/pays,125/ville,/","text/html;charset=UTF-8","200","OK","Indexable",""
"https://www.promovacances.com/circuit-italie/splendeurs-des-pouilles-80091.html","text/html;charset=UTF-8","200","OK","Indexable",""
"https://www.promovacances.com/circuit-italie/escapade-baroque-a-rome-81698.html","text/html;charset=UTF-8","200","OK","Indexable",""
"https://www.promovacances.com/hotel-jumbo-eloro/sicile-et-italie-du-sud-noto-61405.html","text/html;charset=UTF-8","200","OK","Indexable",""
"https://www.promovacances.com/hotel-marina-seada-beach/italie-budoni-vp300386.html","text/html;charset=UTF-8","200","OK","Indexable",""
"https://www.promovacances.com/hotel-framissima-acqua-di-venere/italie-paestum-63700.html","text/html;charset=UTF-8","200","OK","Indexable",""
"https://www.promovacances.com/guide-voyage/italie/pays,125/","text/html;charset=UTF-8","200","OK","Indexable",""
"https://www.promovacances.com/voyage/hotel-castelsardo/sardaigne-italie/","text/html;charset=UTF-8","200","OK","Indexable",""
"https://www.promovacances.com/hotel-luxiclub-sol-nessebar-resort/bulgarie-burgas-65458.html","text/html;charset=UTF-8","200","OK","Indexable",""
"https://www.promovacances.com/vacances-sejour-hotel/voyage-hotel-italie-du-sud/sicile-et-italie-du-sud-italie/","text/html;charset=UTF-8","200","OK","Indexable",""
"https://www.promovacances.com/autotour-italie/balade-en-toscane-route-des-vins-en-5-nuits-82041.html","text/html;charset=UTF-8","200","OK","Indexable",""
"https://www.promovacances.com/hotel-marmara-les-magnolias/bulgarie-primorsko-81331.html","text/html;charset=UTF-8","200","OK","Indexable",""
"https://www.promovacances.com/circuit-italie/rome-magique-82066.html","text/html;charset=UTF-8","200","OK","Indexable",""
"https://www.promovacances.com/idees-vacances/mois/vacances-mai/","text/html;charset=UTF-8","200","OK","Indexable",""
"https://www.promovacances.com/voyage/hotel-olbia/sardaigne-italie/","text/html;charset=UTF-8","200","OK","Indexable",""
"https://www.promovacances.com/circuit-italie/essentiel-des-pouilles-67734.html","text/html;charset=UTF-8","200","OK","Indexable",""
"https://www.promovacances.com/hotel-janna-e-sole-resort/italie-budoni-vp788519.html","text/html;charset=UTF-8","200","OK","Indexable",""
"https://www.promovacances.com/voyage/hotel-cagliari/sardaigne-italie/","text/html;charset=UTF-8","200","OK","Indexable",""
"https://www.promovacances.com/autotour-italie/baie-de-naples-et-cote-de-cilento-81040.html","text/html;charset=UTF-8","200","OK","Indexable",""
"https://www.promovacances.com/circuit-italie/lacs-et-dolomites-joyaux-du-nord-de-l-italie-78978.html","text/html;charset=UTF-8","200","OK","Indexable",""
"https://www.promovacances.com/voyage-vacances-sejour/hotel-pouilles/italie-du-sud-sicile-et-italie-du-sud-italie/","text/html;charset=UTF-8","200","OK","Indexable",""
"https://www.promovacances.com/voyage/hotel-santa-teresa-di-gallura/sardaigne-italie/","text/html;charset=UTF-8","200","OK","Indexable",""
"https://www.promovacances.com/circuit-italie/magique-italie-de-venise-a-rome-67614.html","text/html;charset=UTF-8","200","OK","Indexable",""
"https://www.promovacances.com/vacances/week-end-pas-cher/sejour-week-end-italie/theme,/pays,125/ville,/","text/html;charset=UTF-8","200","OK","Indexable",""
"https://www.promovacances.com/circuit-italie/decouverte-de-campanie-au-framissima-acqua-di-venere-76251.html","text/html;charset=UTF-8","200","OK","Indexable",""
"https://www.promovacances.com/circuit-algerie/d-alger-la-blanche-aux-oasis-du-sahara-maximum-16-participants-78274.html","text/html;charset=UTF-8","200","OK","Indexable",""
"https://www.promovacances.com/billet-avion/vol-italie/pays,125/","text/html;charset=UTF-8","200","OK","Indexable",""
"https://www.promovacances.com/circuit-italie/mythique-cote-amalfitaine-73585.html","text/html;charset=UTF-8","200","OK","Indexable",""
"https://www.promovacances.com/hotel-hopps/sicile-et-italie-du-sud-mazara-del-vallo-59012.html","text/html;charset=UTF-8","200","OK","Indexable",""
"https://www.promovacances.com/hotel-baia-d-oro/sicile-et-italie-du-sud-catane-61185.html","text/html;charset=UTF-8","200","OK","Indexable",""
"https://www.promovacances.com/idees-vacances/partir/vacances-hiver/","text/html;charset=UTF-8","200","OK","Indexable",""
"https://www.promovacances.com/hotel-framissima-kenzi-europa/maroc-agadir-72320.html","text/html;charset=UTF-8","200","OK","Indexable",""
"https://www.promovacances.com/circuit-maroc/cites-imperiales-et-magie-du-grand-sud-61456.html","text/html;charset=UTF-8","200","OK","Indexable",""
"https://www.promovacances.com/circuit-italie/grande-boucle-italienne-74250.html","text/html;charset=UTF-8","200","OK","Indexable",""
"https://www.promovacances.com/circuit-maroc/coralia-villes-imperiales-72199.html","text/html;charset=UTF-8","200","OK","Indexable",""
"https://www.promovacances.com/vacances-sejour-hotel/voyage-hotel-essaouira/maroc-balneaire-maroc/","text/html;charset=UTF-8","200","OK","Indexable",""
"https://www.promovacances.com/vacances/week-end-pas-cher/sejour-week-end-maroc/theme,/pays,149/ville,/","text/html;charset=UTF-8","200","OK","Indexable",""
"https://www.promovacances.com/hotel-pickalbatros-palais-des-roses/maroc-agadir-73255.html","text/html;charset=UTF-8","200","OK","Indexable",""
"https://www.promovacances.com/circuit-maroc/les-villes-imperiales-circuit-privatif-50596.html","text/html;charset=UTF-8","200","OK","Indexable",""
"https://www.promovacances.com/hotel-tui-selection-ihotel-sunny-beach/bulgarie-sunny-beach-69180.html","text/html;charset=UTF-8","200","OK","Indexable",""
"https://www.promovacances.com/vacances-sejour-hotel/voyage-hotel-dakhla/maroc-balneaire-maroc/","text/html;charset=UTF-8","200","OK","Indexable",""
"https://www.promovacances.com/hotel-framissima-radisson-blu-resort-saidia-beach/maroc-oujda-77240.html","text/html;charset=UTF-8","200","OK","Indexable",""
"https://www.promovacances.com/hotel-radisson-blu-resort-saidia-beach/maroc-oujda-77298.html","text/html;charset=UTF-8","200","OK","Indexable",""
"https://www.promovacances.com/vacances/circuit-touristique/sejour-circuit-portugal/theme,/pays,178/ville,/","text/html;charset=UTF-8","200","OK","Indexable",""
"https://www.promovacances.com/circuit-maroc/boucles-sahariennes-en-4x4-44485.html","text/html;charset=UTF-8","200","OK","Indexable",""
"https://www.promovacances.com/vacances-sejour-hotel/voyage-hotel-casablanca/maroc-balneaire-maroc/","text/html;charset=UTF-8","200","OK","Indexable",""
"https://www.promovacances.com/circuit-maroc/sud-marocain-du-desert-a-l-ocean-circuit-privatif-66042.html","text/html;charset=UTF-8","200","OK","Indexable",""
"https://www.promovacances.com/circuit-maroc/imperial-sur-les-traces-des-dynasties-marocaines-80259.html","text/html;charset=UTF-8","200","OK","Indexable",""
"https://www.promovacances.com/hotel-riu-palace-tikida-agadir/maroc-agadir-78055.html","text/html;charset=UTF-8","200","OK","Indexable",""
"https://www.promovacances.com/guide-voyage/maroc/pays,149/","text/html;charset=UTF-8","200","OK","Indexable",""
"https://www.promovacances.com/circuit-maroc/les-beautes-imperiales-75021.html","text/html;charset=UTF-8","200","OK","Indexable",""
"https://www.promovacances.com/combine-maroc/les-villes-imperiales-et-extension-framissima-royal-tafoukt-agadir-resort-spa-57410.html","text/html;charset=UTF-8","200","OK","Indexable",""
"https://www.promovacances.com/circuit-maroc/nord-du-maroc-et-oriental-mediterraneen-79634.html","text/html;charset=UTF-8","200","OK","Indexable",""
"https://www.promovacances.com/hotel-occidental-tanger/maroc-tanger-73372.html","text/html;charset=UTF-8","200","OK","Indexable",""
"https://www.promovacances.com/hotel-atlas-essaouira-spa/maroc-essaouira-53242.html","text/html;charset=UTF-8","200","OK","Indexable",""
"https://www.promovacances.com/circuit-maroc/privatif-au-coeur-du-sud-marocain-en-4x4-78001.html","text/html;charset=UTF-8","200","OK","Indexable",""
"https://www.promovacances.com/circuit-maroc/sud-marocain-en-4x4-74245.html","text/html;charset=UTF-8","200","OK","Indexable",""
"https://www.promovacances.com/vacances-sejour-hotel/voyage-hotel-rabat/marrakech-villes-imperiales-maroc/","text/html;charset=UTF-8","200","OK","Indexable",""
"https://www.promovacances.com/hotel-framissima-royal-tafoukt-agadir-resort-spa/maroc-agadir-53099.html","text/html;charset=UTF-8","200","OK","Indexable",""
"https://www.promovacances.com/circuit-maroc/en-etoile-bien-etre-et-serenite-dans-la-palmeraie-de-skoura-74936.html","text/html;charset=UTF-8","200","OK","Indexable",""
"https://www.promovacances.com/vacances/circuit-touristique/sejour-circuit-etats-unis/theme,/pays,68/ville,/","text/html;charset=UTF-8","200","OK","Indexable",""
"https://www.promovacances.com/vacances/circuit-touristique/sejour-circuit-grece/theme,/pays,97/ville,/","text/html;charset=UTF-8","200","OK","Indexable",""
"https://www.promovacances.com/circuit-maroc/les-villes-imperiales-44470.html","text/html;charset=UTF-8","200","OK","Indexable",""
"https://www.promovacances.com/circuit-maroc/richesses-des-villes-imperiales-au-grand-sud-marocain-61776.html","text/html;charset=UTF-8","200","OK","Indexable",""
"https://www.promovacances.com/circuit-maroc/couleurs-et-culture-du-nord-du-maroc-73703.html","text/html;charset=UTF-8","200","OK","Indexable",""
"https://www.promovacances.com/hotel-adult-only-artiem-audax-spa-wellness-hotel/baleares-minorque-43917.html","text/html;charset=UTF-8","200","OK","Indexable",""
"https://www.promovacances.com/autotour-bulgarie/routes-de-la-bulgarie-classique-en-liberte-depart-de-varna-75644.html","text/html;charset=UTF-8","200","OK","Indexable",""
"https://www.promovacances.com/hotel-adult-only-globales-lord-nelson/baleares-minorque-62435.html","text/html;charset=UTF-8","200","OK","Indexable",""
"https://www.promovacances.com/hotel-framissima-globales-almirante-farragut/baleares-minorque-59341.html","text/html;charset=UTF-8","200","OK","Indexable",""
"https://www.promovacances.com/hotel-minura-cala-galdana-y-apartamentos-d-aljandar/baleares-minorque-67726.html","text/html;charset=UTF-8","200","OK","Indexable",""
"https://www.promovacances.com/hotel-xaloc-playa/baleares-minorque-43898.html","text/html;charset=UTF-8","200","OK","Indexable",""
"https://www.promovacances.com/autotour-canaries/sur-les-routes-de-lanzarote-en-liberte-logement-au-bluesea-alyssa-suites-ex-labranda-74964.html","text/html;charset=UTF-8","200","OK","Indexable",""
"https://www.promovacances.com/hotel-h10-suites-lanzarote-gardens/canaries-arrecife-61629.html","text/html;charset=UTF-8","200","OK","Indexable",""
"https://www.promovacances.com/hotel-gran-sagitario/baleares-minorque-62222.html","text/html;charset=UTF-8","200","OK","Indexable",""
"https://www.promovacances.com/hotel-adult-only-caramelo-marina-cala-n-bosch/baleares-minorque-76325.html","text/html;charset=UTF-8","200","OK","Indexable",""
"https://www.promovacances.com/hotel-villa-vik/canaries-arrecife-76860.html","text/html;charset=UTF-8","200","OK","Indexable",""
"https://www.promovacances.com/hotel-framissima-arabella/bulgarie-les-sables-d-or-57225.html","text/html;charset=UTF-8","200","OK","Indexable",""
"https://www.promovacances.com/hotel-riu-paraiso-lanzarote/canaries-arrecife-78168.html","text/html;charset=UTF-8","200","OK","Indexable",""
"https://www.promovacances.com/hotel-insotel-punta-prima-resort-and-spa/baleares-minorque-65447.html","text/html;charset=UTF-8","200","OK","Indexable",""
"https://www.promovacances.com/hotel-adult-only-aluasoul-menorca/baleares-minorque-67029.html","text/html;charset=UTF-8","200","OK","Indexable",""
"https://www.promovacances.com/hotel-casa-de-hilario/canaries-arrecife-79573.html","text/html;charset=UTF-8","200","OK","Indexable",""
"https://www.promovacances.com/hotel-sol-milanos-pinguinos/baleares-minorque-64240.html","text/html;charset=UTF-8","200","OK","Indexable",""
"https://www.promovacances.com/hotel-ilunion-costa-sal-lanzarote/canaries-arrecife-78872.html","text/html;charset=UTF-8","200","OK","Indexable",""
"https://www.promovacances.com/hotel-petit-sagitario-adult-only/baleares-minorque-62205.html","text/html;charset=UTF-8","200","OK","Indexable",""
"https://www.promovacances.com/vacances-sejour-hotel/voyage-mexique/","text/html;charset=UTF-8","200","OK","Indexable",""
"https://www.promovacances.com/hotel-copthorne-hotel-dubai/dubai-et-les-emirats-dubai-66591.html","text/html;charset=UTF-8","200","OK","Indexable",""
"https://www.promovacances.com/circuit-dubai-et-les-emirats/l-essentiel-au-coeur-des-emirats-67713.html","text/html;charset=UTF-8","200","OK","Indexable",""
"https://www.promovacances.com/vacances-sejour-hotel/voyage-hotel-minorque/baleares-espagne/","text/html;charset=UTF-8","200","OK","Indexable",""
"https://www.promovacances.com/hotel-fram-selection-canal-central-business-bay/dubai-et-les-emirats-dubai-62574.html","text/html;charset=UTF-8","200","OK","Indexable",""
"https://www.promovacances.com/vacances-sejour-hotel/voyage-dubai-et-emirats/emirats-arabes-unis/","text/html;charset=UTF-8","200","OK","Indexable",""
"https://www.promovacances.com/hotel-framissima-evasion-riu-dubai-avec-activites-incluses/dubai-et-les-emirats-dubai-71270.html","text/html;charset=UTF-8","200","OK","Indexable",""
"https://www.promovacances.com/circuit-armenie/eternelle-armenie-73934.html","text/html;charset=UTF-8","200","OK","Indexable",""
"https://www.promovacances.com/hotel-marriott-al-jaddaf/dubai-et-les-emirats-dubai-72460.html","text/html;charset=UTF-8","200","OK","Indexable",""
"https://www.promovacances.com/vacances-sejour-hotel/voyage-mascate/oman/","text/html;charset=UTF-8","200","OK","Indexable",""
"https://www.promovacances.com/hotel-the-hampton-by-hilton-marjan-island/dubai-et-les-emirats-dubai-79529.html","text/html;charset=UTF-8","200","OK","Indexable",""
"https://www.promovacances.com/hotel-framissima-evasion-riu-dubai/dubai-et-les-emirats-dubai-59795.html","text/html;charset=UTF-8","200","OK","Indexable",""
"https://www.promovacances.com/hotel-the-tower-plaza-hotel-dubai/dubai-et-les-emirats-dubai-80981.html","text/html;charset=UTF-8","200","OK","Indexable",""
"https://www.promovacances.com/hotel-hyatt-place-dubai-al-rigga/dubai-et-les-emirats-dubai-61864.html","text/html;charset=UTF-8","200","OK","Indexable",""
"https://www.promovacances.com/vacances/vacances-et-sejours/voyage-tout-inclus-dubai-et-les-emirats/theme,7/pays,258/ville,/","text/html;charset=UTF-8","200","OK","Indexable",""
"https://www.promovacances.com/circuit-armenie/magie-de-l-armenie-limite-a-20-pers-69448.html","text/html;charset=UTF-8","200","OK","Indexable",""
"https://www.promovacances.com/circuit-dubai-et-les-emirats/tresors-des-emirats-53139.html","text/html;charset=UTF-8","200","OK","Indexable",""
"https://www.promovacances.com/vacances/circuit-touristique/sejour-circuit-dubai-et-les-emirats/theme,/pays,258/ville,/","text/html;charset=UTF-8","200","OK","Indexable",""
"https://www.promovacances.com/hotel-fram-selection-barcelo-business-bay-dubai/dubai-et-les-emirats-dubai-65374.html","text/html;charset=UTF-8","200","OK","Indexable",""
"https://www.promovacances.com/hotel-tryp-by-wyndham-barsha-heights-dubai/dubai-et-les-emirats-dubai-71603.html","text/html;charset=UTF-8","200","OK","Indexable",""
"https://www.promovacances.com/hotel-fram-selection-royal-central-the-palm/dubai-et-les-emirats-dubai-62540.html","text/html;charset=UTF-8","200","OK","Indexable",""
"https://www.promovacances.com/circuit-armenie/merveilles-de-l-armenie-et-de-la-georgie-limite-a-12-pers-72852.html","text/html;charset=UTF-8","200","OK","Indexable",""
"https://www.promovacances.com/vacances-sejour-hotel/voyage-hotel-fuerteventura/canaries-espagne/","text/html;charset=UTF-8","200","OK","Indexable",""
"https://www.promovacances.com/combine-dubai-et-les-emirats/canal-central-business-bay-framissima-premium-radisson-blu-hotel-resort-abu-dhabi-corniche-73392.html","text/html;charset=UTF-8","200","OK","Indexable",""
"https://www.promovacances.com/hotel-framissima-premium-ja-beach-hotel-avec-activites-incluses/dubai-et-les-emirats-dubai-68720.html","text/html;charset=UTF-8","200","OK","Indexable",""
"https://www.promovacances.com/hotel-centara-mirage-beach-resort-dubai/dubai-et-les-emirats-dubai-59723.html","text/html;charset=UTF-8","200","OK","Indexable",""
"https://www.promovacances.com/vacances-sejour-hotel/voyage-hotel-tenerife/canaries-espagne/","text/html;charset=UTF-8","200","OK","Indexable",""
"https://www.promovacances.com/circuit-dubai-et-les-emirats/emirats-et-oman-du-modernisme-aux-traditions-69090.html","text/html;charset=UTF-8","200","OK","Indexable",""
"https://www.promovacances.com/hotel-media-rotana-dubai/dubai-et-les-emirats-dubai-61874.html","text/html;charset=UTF-8","200","OK","Indexable",""
"https://www.promovacances.com/hotel-the-first-collection-business-bay/dubai-et-les-emirats-dubai-69799.html","text/html;charset=UTF-8","200","OK","Indexable",""
"https://www.promovacances.com/circuit-dubai-et-les-emirats/merveilleux-emirats-68008.html","text/html;charset=UTF-8","200","OK","Indexable",""
"https://www.promovacances.com/hotel-avani-deira-dubai-hotel/dubai-et-les-emirats-dubai-66140.html","text/html;charset=UTF-8","200","OK","Indexable",""
"https://www.promovacances.com/hotel-al-khoory-atrium/dubai-et-les-emirats-dubai-76893.html","text/html;charset=UTF-8","200","OK","Indexable",""
"https://www.promovacances.com/hotel-oaks-ibn-battuta/dubai-et-les-emirats-dubai-63319.html","text/html;charset=UTF-8","200","OK","Indexable",""
"https://www.promovacances.com/circuit-armenie/eternelle-armenie-3-73944.html","text/html;charset=UTF-8","200","OK","Indexable",""
"https://www.promovacances.com/combine-dubai-et-les-emirats/sejour-2-en-1-dubai-et-maldives-fram-selection-barcelo-business-bay-et-framissima-evasion-canareef-resort-82168.html","text/html;charset=UTF-8","200","OK","Indexable",""
"https://www.promovacances.com/hotel-al-khoory-executive/dubai-et-les-emirats-dubai-76906.html","text/html;charset=UTF-8","200","OK","Indexable",""
"https://www.promovacances.com/hotel-towers-rotana/dubai-et-les-emirats-dubai-69833.html","text/html;charset=UTF-8","200","OK","Indexable",""
"https://www.promovacances.com/hotel-sheraton-dubai-creek-hotel-towers/dubai-et-les-emirats-dubai-71324.html","text/html;charset=UTF-8","200","OK","Indexable",""
"https://www.promovacances.com/hotel-framissima-premium-ja-beach-hotel/dubai-et-les-emirats-dubai-64879.html","text/html;charset=UTF-8","200","OK","Indexable",""
"https://www.promovacances.com/vacances-sejour-hotel/voyage-emirats-arabes-unis/","text/html;charset=UTF-8","200","OK","Indexable",""
"https://www.promovacances.com/hotel-coralia-centara-mirage-beach-resort-dubai/dubai-et-les-emirats-dubai-59555.html","text/html;charset=UTF-8","200","OK","Indexable",""
"https://www.promovacances.com/circuit-maroc/decouverte-des-villes-imperiales-chefchaouen-80017.html","text/html;charset=UTF-8","200","OK","Indexable",""
"https://www.promovacances.com/hotel-jumeira-rotana/emirats-arabes-unis-dubai-vp362649.html","text/html;charset=UTF-8","200","OK","Indexable",""
"https://www.promovacances.com/vacances-sejour-hotel/voyage-abu-dhabi/emirats-arabes-unis/","text/html;charset=UTF-8","200","OK","Indexable",""
"https://www.promovacances.com/hotel-sofitel-dubai-jumeirah-beach/emirats-arabes-unis-dubai-vp105206.html","text/html;charset=UTF-8","200","OK","Indexable",""
"https://www.promovacances.com/vacances-sejour-hotel/voyage-hotel-fez/marrakech-villes-imperiales-maroc/","text/html;charset=UTF-8","200","OK","Indexable",""
"https://www.promovacances.com/circuit-maroc/villes-imperiales-et-cote-atlantique-circuit-privatif-66037.html","text/html;charset=UTF-8","200","OK","Indexable",""
"https://www.promovacances.com/vacances/circuit-touristique/sejour-circuit-andalousie/theme,/pays,6/ville,/","text/html;charset=UTF-8","200","OK","Indexable",""
"https://www.promovacances.com/circuit-maroc/tresors-des-villes-imperiales-57040.html","text/html;charset=UTF-8","200","OK","Indexable",""
"https://www.promovacances.com/circuit-maroc/grand-tour-du-maroc-43873.html","text/html;charset=UTF-8","200","OK","Indexable",""
"https://www.promovacances.com/hotel-atlantic/maroc-agadir-43958.html","text/html;charset=UTF-8","200","OK","Indexable",""
"https://www.promovacances.com/hotel-riu-tikida-dunas/maroc-agadir-78091.html","text/html;charset=UTF-8","200","OK","Indexable",""
"https://www.promovacances.com/vacances-sejour-hotel/voyage-marrakech-villes-imperiales/maroc/","text/html;charset=UTF-8","200","OK","Indexable",""
"https://www.promovacances.com/vacances-sejour-hotel/voyage-hotel-tanger/maroc-balneaire-maroc/","text/html;charset=UTF-8","200","OK","Indexable",""
"https://www.promovacances.com/circuit-maroc/boucles-sahariennes-en-4x4-circuit-prive-50759.html","text/html;charset=UTF-8","200","OK","Indexable",""
"https://www.promovacances.com/hotel-barcelo-tanger/maroc-tanger-73365.html","text/html;charset=UTF-8","200","OK","Indexable",""
"https://www.promovacances.com/hotel-adult-only-riu-tikida-beach/maroc-agadir-78052.html","text/html;charset=UTF-8","200","OK","Indexable",""
"https://www.promovacances.com/vacances/circuit-touristique/sejour-circuit-crete/theme,/pays,54/ville,/","text/html;charset=UTF-8","200","OK","Indexable",""
"https://www.promovacances.com/billet-avion/vol-maroc/pays,149/","text/html;charset=UTF-8","200","OK","Indexable",""
"https://www.promovacances.com/circuit-maroc/grand-sud-maroc-36154.html","text/html;charset=UTF-8","200","OK","Indexable",""
"https://www.promovacances.com/vacances/voyage-derniere-minute/voyage-maroc/theme,/pays,149/ville,/","text/html;charset=UTF-8","200","OK","Indexable",""
"https://www.promovacances.com/vacances/circuit-touristique/sejour-circuit-sicile-et-italie-du-sud/theme,/pays,199/ville,/","text/html;charset=UTF-8","200","OK","Indexable",""
"https://www.promovacances.com/vacances/vacances-et-sejours/voyage-tout-inclus-maroc/theme,7/pays,149/ville,/","text/html;charset=UTF-8","200","OK","Indexable",""
"https://www.promovacances.com/circuit-maroc/merveilles-du-maroc-entre-desert-et-kasbahs-56448.html","text/html;charset=UTF-8","200","OK","Indexable",""
"https://www.promovacances.com/hotel-marina-bay-city-center/maroc-tanger-68208.html","text/html;charset=UTF-8","200","OK","Indexable",""
"https://www.promovacances.com/voyage/hotel-ouaddar/agadir-maroc-balneaire-maroc/","text/html;charset=UTF-8","200","OK","Indexable",""
"https://www.promovacances.com/hotel-riu-palace-tikida-taghazout/maroc-agadir-77984.html","text/html;charset=UTF-8","200","OK","Indexable",""
"https://www.promovacances.com/vacances-sejour-hotel/voyage-hotel-ouarzazate/marrakech-villes-imperiales-maroc/","text/html;charset=UTF-8","200","OK","Indexable",""
"https://www.promovacances.com/plan-de-site/","text/html;charset=UTF-8","200","OK","Indexable",""
"https://www.promovacances.com/information/questions-frequentes/","","301","Moved Permanently","Non indexable","Redirigé"
"https://www.promovacances.com/vacances-sejour-hotel/voyage-jordanie/","","301","Moved Permanently","Non indexable","Redirigé"
"https://www.promovacances.com/vacances-sejour-hotel/voyage-hotel-rhodes/iles-grecques-grece/","","301","Moved Permanently","Non indexable","Redirigé"
"https://www.promovacances.com/vacances-sejour-hotel/voyage-hotel-agadir/maroc-balneaire-maroc/","","301","Moved Permanently","Non indexable","Redirigé"
"https://www.promovacances.com/vacances-sejour-hotel/voyage-laponie/finlande/","","301","Moved Permanently","Non indexable","Redirigé"
