"Adresse","Occurrences","Meta Description 1","Longueur de la Meta Description 1","Largeur en pixels de la Meta Description 1","Indexabilité","Statut d'indexabilité"
"https://www.infopro-digital.com/fr/","1","Nous connectons les professionnels avec nos solutions business innovantes : logiciels métiers, data et bases de données, médias, évènements.","140","899","Indexable",""
"https://www.infopro-digital.com/fr/actualites/","1","Suivez les actualités du groupe Infopro Digital, 8ème groupe tech français. Informez vous sur nos produits, salons ou encore nos solutions technologiques.Suivez les actualités du groupe Infopro Digital, 8ème groupe technologique français. Soyez informé des nouveautés du groupe : plateformes, salons, solutions technologiques ou acquisitions.","342","2153","Indexable",""
"https://www.infopro-digital.com/fr/actualites/communique-gustave-roussy-lance-avec-le-soutien-dinfopro-digital-le-guide-travail-cancer-destine-aux-managers/","0","","0","0","Indexable",""
"https://www.infopro-digital.com/fr/actualites/infopro-digital-classe-9e-entreprise-francaise-editrice-de-logiciels-par-ey-2/","0","","0","0","Indexable",""
"https://www.infopro-digital.com/fr/protection-des-donnees/","0","","0","0","Indexable",""
"https://www.infopro-digital.com/fr/carrieres/","1","En rejoignant un groupe d'experts B2B, vous évoluez dans un environnement de travail stimulant. Développez votre potentiel dans l'univers du digital.","149","926","Indexable",""
"https://www.infopro-digital.com/fr/medias/","0","","0","0","Indexable",""
"https://www.infopro-digital.com/fr/expertises/plateformes-de-leads/","1","Nos plateformes de leads et nos places de marchés B2B permettent d'accélérer le business de milliers d’entreprises dans la construction et le secteur public.","157","983","Indexable",""
"https://www.infopro-digital.com/fr/expertises/logiciels-et-bases-de-donnees/","1","Nos logiciels sont conçus pour les métiers de nos clients. Nos experts des données et des industries collaborent pour inventer les solutions de votre activité.","159","978","Indexable",""
"https://www.infopro-digital.com/fr/mentions-legales-et-cgu/","0","","0","0","Indexable",""
"https://www.infopro-digital.com/fr/groupe/international/","1","Infopro Digital est présent à l'international dans 18 pays. Nous recrutons des talents sur les cinq continents. Nos clients sont dans le monde entier.","150","914","Indexable",""
"https://www.infopro-digital.com/fr/expertises/","1","Nous accompagnons les professionnels et aidons les entreprises à réussir dans un monde de plus en plus complexe et digital grâce à nos solutions innovantes.","156","999","Indexable",""
"https://www.infopro-digital.com/fr/acces-finance/","0","","0","0","Indexable",""
"https://www.infopro-digital.com/fr/secteurs/construction-et-secteur-public/","1","Découvrez les tendances, les innovations et les solutions dédiées aux besoins des acteurs du secteur de la construction et du secteur public.","141","877","Indexable",""
"https://www.infopro-digital.com/fr/secteurs/industrie/","1","Découvrez les tendances du secteur de l’industrie qui vit une profonde transformation avec la digitalisation des process et des modes de production plus locaux.","160","1002","Indexable",""
"https://www.infopro-digital.com/fr/secteurs/risques-et-assurances/","1","Découvrez les tendances du secteur bancaire, de la finance, du risque et de l'assurance et les évolutions technologiques et solutions digitales.","144","885","Indexable",""
"https://www.infopro-digital.com/fr/expertises/information-et-insights/","1","Avec une cinquantaine de marques médias B2B puissantes, influentes et leaders, nous informons et aidons les professionnels à prendre les bonnes décisions.","154","989","Indexable",""
"https://www.infopro-digital.com/fr/expertises/salons-professionnels/","1","Rendez-vous business incontournables des filières B2B, nos 35 salons connectent les communautés professionnelles, en Europe, en Asie et aux Etats-Unis.","151","968","Indexable",""
"https://www.infopro-digital.com/fr/cgv/","0","","0","0","Indexable",""
"https://www.infopro-digital.com/fr/groupe/","1","Infopro Digital mise sur la R&D et sa maîtrise des data et des technologies pour concevoir des solutions innovantes pour les entreprises.","137","851","Indexable",""
"https://www.infopro-digital.com/fr/secteurs/","1","Nous couvrons les besoins des acteurs de la construction, du secteur public, de l’automobile, du risque & de l'assurance, de l’industrie et de la distribution.","159","960","Indexable",""
"https://www.infopro-digital.com/","1","Our innovative business solutions —business software, data and databases, media, and events—connect professionals and their ecosystem.","134","871","Indexable",""
"https://www.infopro-digital.com/fr/groupe","1","Infopro Digital mise sur la R&D et sa maîtrise des data et des technologies pour concevoir des solutions innovantes pour les entreprises.","137","851","Non indexable","Canonisé"
"https://www.infopro-digital.com/fr/secteurs/distribution/","1","La distribution a fortement évolué avec l'e-commerce et l'évolution des comportements des consommateurs. La consommation se veut plus responsable et locale.","156","1016","Indexable",""
"https://www.infopro-digital.com/fr/contact/","0","","0","0","Indexable",""
"https://www.infopro-digital.com/fr/secteurs/automobile/","1","Découvrez les tendances, les innovations et les solutions pour répondre aux enjeux business et environnementaux du secteur de l'après-vente automobile.","151","960","Indexable",""
"https://www.infopro-digital.com/fr/declaration-daccessibilite-rgaa-4-1/","0","","0","0","Indexable",""
"https://www.infopro-digital.com/fr/actualites/lusine-nouvelle-se-reinvente-en-2021-media-b2b-industrie-digital/","0","","0","0","Indexable",""
"https://www.infopro-digital.com/news/press-release-infopro-digital-has-reached-an-agreement-to-acquire-karnov-groups-ehs-division-enhancing-its-portfolio-of-software-solutions-for-ehs-legal-monitoring-and-compliance/","0","","0","0","Indexable",""
"https://www.infopro-digital.com/sectors/automotive/","1","Discover the latest trends, innovations, and solutions tailored to the business and environmental challenges facing the automotive after-sales service sector.","158","973","Indexable",""
"https://www.infopro-digital.com/contact-us/","0","","0","0","Indexable",""
"https://www.infopro-digital.com/sectors/retail/","1","Distribution has changed fast with the rise of e-commerce and new consumer behaviour. There is a preference more local, responsible consumption.","144","927","Indexable",""
"https://www.infopro-digital.com/accessibility-statement-rgaa-4-1/","0","","0","0","Indexable",""
"https://www.infopro-digital.com/solutions/tradeshows/","1","Our 35 tradeshows are key events for the B2B sector, connecting professional communities in Europe, Asia, and the United States.","128","810","Indexable",""
"https://www.infopro-digital.com/sectors/","1","We meet the needs of construction, public sector, automotive, risk & insurance, industry, and distribution sector players.","122","744","Indexable",""
"https://www.infopro-digital.com/group/","1","The group focuses on R&D and its mastery of data and technology to design innovative solutions for companies.","109","700","Indexable",""
"https://www.infopro-digital.com/fr/groupe/a-propos/","1","Nous mettons l'expertise digitale au service des communautés professionnelles. Nos clients sont des entreprises et des collectivités.","133","832","Indexable",""
"https://www.infopro-digital.com/fr/actualites/john-van-der-valk-rejoint-infopro-digital-en-tant-que-directeur-general-delegue-salons/","0","","0","0","Indexable",""
"https://www.infopro-digital.com/news/","1","Follow the news about Infopro Digital, the 8th biggest French tech group. Get updates on new platforms, tradeshows, technology solutions, and acquisitions.","155","972","Indexable",""
"https://www.infopro-digital.com/fr/actualites/communique-infopro-digital-acquiert-eucon-automotive-fournisseur-mondial-des-donnees-de-prix-et-solutions-analytiques-dans-lapres-vente-automobile/","0","","0","0","Indexable",""
"https://www.infopro-digital.com/fr/actualites/danielle-attias-nommee-dg-deleguee-medias-construction-collectivites-et-emploi/","0","","0","0","Indexable",""
"https://www.infopro-digital.com/news/infopro-digital-ranked-9th-french-software-publisher-by-ey/","0","","0","0","Indexable",""
"https://www.infopro-digital.com/data-protection/","0","","0","0","Indexable",""
"https://www.infopro-digital.com/fr/actualites/nomination-de-ben-wood/","0","","0","0","Indexable",""
"https://www.infopro-digital.com/fr/protection-des-donnees/pt/","0","","0","0","Indexable",""
"https://www.infopro-digital.com/fr/actualites/infopro-digital-a-signe-un-accord-en-vue-dacquerir-la-division-hse-du-groupe-karnov-et-renforce-son-offre-de-solutions-logicielles-pour-la-veille-reglementaire-et-la-conformite-en-matiere-d/","0","","0","0","Indexable",""
"https://www.infopro-digital.com/fr/protection-des-donnees/eng/","0","","0","0","Indexable",""
"https://www.infopro-digital.com/fr/protection-des-donnees/es/","0","","0","0","Indexable",""
"https://www.infopro-digital.com/fr/protection-des-donnees/nl/","0","","0","0","Indexable",""
"https://www.infopro-digital.com/fr/protection-des-donnees/fr/","0","","0","0","Indexable",""
"https://www.infopro-digital.com/fr/protection-des-donnees/de/","0","","0","0","Indexable",""
"https://www.infopro-digital.com/careers/","1","When you join a group of B2B experts, you will enjoy a stimulating work environment and build your potential in the digital business.","133","819","Indexable",""
"https://www.infopro-digital.com/fr/protection-des-donnees/politica-privind-datele-cu-caracter-personal/","0","","0","0","Indexable",""
"https://www.infopro-digital.com/fr/protection-des-donnees/it/","0","","0","0","Indexable",""
"https://www.infopro-digital.com/fr/carrieres/job-board/?_jobs=marketing","0","","0","0","Non indexable","Canonisé"
"https://www.infopro-digital.com/fr/carrieres/job-board/?_jobs=commerce","0","","0","0","Non indexable","Canonisé"
"https://www.infopro-digital.com/fr/actualites/infopro-digital-acteur-majeur-du-paysage-technologique-francais/","0","","0","0","Indexable",""
"https://www.infopro-digital.com/fr/carrieres/travailler-chez-infopro-digital/","0","","0","0","Indexable",""
"https://www.infopro-digital.com/fr/groupe/strategie-rse/","1","Rejoignez un groupe responsable. Enjeux environnementaux, sociaux et responsables, découvrez nos engagements et notre démarche RSE.Travaillez avec un groupe responsable qui place la responsabilité sociale des entreprises au coeur de sa stratégie d'entreprise. Découvrez nos engagements RSE.","290","1879","Indexable",""
"https://www.infopro-digital.com/fr/actualites/infopro-digital-est-classe-26eme-meilleur-employeur-en-2022-dans-la-categorie-tech-du-palmares-capital/","0","","0","0","Indexable",""
"https://www.infopro-digital.com/fr/carrieres/job-board/?_jobs=contenu","0","","0","0","Non indexable","Canonisé"
"https://www.infopro-digital.com/media/","0","","0","0","Indexable",""
"https://www.infopro-digital.com/fr/actualites/infopro-digital-index-de-legalite-femmes-hommes-2024/","0","","0","0","Indexable",""
"https://www.infopro-digital.com/fr/carrieres/job-board/?_jobs=support","0","","0","0","Non indexable","Canonisé"
"https://www.infopro-digital.com/fr/carrieres/job-board/?_jobs=information-technology","0","","0","0","Non indexable","Canonisé"
"https://www.infopro-digital.com/solutions/lead-generation-platforms/","1","Our lead generation platforms and B2B marketplaces are accelerating business for thousands of construction companies and the public sector.","139","894","Indexable",""
"https://www.infopro-digital.com/fr/carrieres/job-board/","0","","0","0","Indexable",""
"https://www.infopro-digital.com/solutions/software-and-databases/","1","Our software is designed for our clients' businesses. Our data and industry experts work together to create the right solutions for your business.","146","894","Indexable",""
"https://www.infopro-digital.com/group/international/","0","","0","0","Indexable",""
"https://www.infopro-digital.com/solutions/","1","We support professionals and help companies succeed in an increasingly complex and digital world thanks to our innovative solutions.","132","840","Indexable",""
"https://www.infopro-digital.com/sectors/construction-and-public-sector/","1","Discover the latest trends, innovations, and solutions dedicated to the needs of construction and public sector players.","120","736","Indexable",""
"https://www.infopro-digital.com/legal-notice-and-gtu/","0","","0","0","Non indexable","Canonisé"
"https://www.infopro-digital.com/fr/mot-de-passe-oublie/","0","","0","0","Indexable",""
"https://www.infopro-digital.com/financial-access/","0","","0","0","Indexable",""
"https://www.infopro-digital.com/fr/nous-contacter/","0","","0","0","Indexable",""
"https://www.infopro-digital.com/sectors/industry/","1","Discover the latest trends in industry as it undergoes a profound transformation based on process digitalization and more local production methods.","147","924","Indexable",""
"https://www.infopro-digital.com/sectors/risk-and-insurance/","1","Discover the latest trends, technological changes, and digital solutions in the banking, finance, risk, and insurance sector.","125","752","Indexable",""
"https://www.infopro-digital.com/solutions/information-and-insights/","1","With some fifty leading influential B2B media brands, we keep professionals informed and help them make smart decisions.","120","774","Indexable",""
"https://www.infopro-digital.com/fr/cgv/conditions-generales-dabonnement-et-dutilisation-moniteur-juris/","0","","0","0","Indexable",""
"https://www.infopro-digital.com/fr/cgv/cgv-des-editions-de-largus-de-lassurance-derniere-mise-a-jour-07-2024/","0","","0","0","Indexable",""
"https://www.infopro-digital.com/fr/cgv/general-terms-and-conditions-of-sale-ipdata-service/","0","","0","0","Indexable",""
"https://www.infopro-digital.com/fr/cgv/conditions-generales-de-vente-ipd-leads/","0","","0","0","Indexable",""
"https://www.infopro-digital.com/fr/cgv/general-terms-and-conditions-of-sale-infopro-digital-etudes/","0","","0","0","Indexable",""
"https://www.infopro-digital.com/terms-and-conditions/","0","","0","0","Indexable",""
"https://www.infopro-digital.com/fr/cgv/conditions-generales-de-ventes-conditions-generales-dabonnement-et-dutilisation-kheox/","0","","0","0","Indexable",""
"https://www.infopro-digital.com/fr/cgv/conditions-generales-dabonnement-et-dutilisation-moniteur-juris-2/","0","","0","0","Indexable",""
"https://www.infopro-digital.com/fr/cgv/conditions-generales-de-vente-editions-du-moniteur/","0","","0","0","Indexable",""
"https://www.infopro-digital.com/fr/cgv/general-terms-and-conditions-of-sale-webinar-service/","0","","0","0","Indexable",""
"https://www.infopro-digital.com/fr/cgv/conditions-generales-de-vente-dabonnement-des-produits-de-presse-et-des-services-numeriques/","0","","0","0","Indexable",""
"https://www.infopro-digital.com/fr/cgv/conditions-generales-de-vente-et-dutilisation-des-produits-et-services-batiprix/","0","","0","0","Indexable",""
"https://www.infopro-digital.com/fr/cgv/general-terms-and-conditions-for-selling-ad-space-press-internet-and-references/","0","","0","0","Indexable",""
"https://www.infopro-digital.com/fr/cgv/conditions-generales-de-vente-events/","0","","0","0","Indexable",""
"https://www.infopro-digital.com/fr/cgv/publicite-presse-internet-et-referencement/","0","","0","0","Indexable",""
"https://www.infopro-digital.com/fr/cgv/webinars/","0","","0","0","Indexable",""
"https://www.infopro-digital.com/fr/cgv/general-terms-and-conditions-of-sale-france-infopro-digital-stories/","0","","0","0","Indexable",""
"https://www.infopro-digital.com/fr/cgv/infopro-data/","0","","0","0","Indexable",""
"https://www.infopro-digital.com/fr/cgv/infopro-digital-etudes/","0","","0","0","Indexable",""
"https://www.infopro-digital.com/fr/cgv/conditions-generales-de-vente-formations/","0","","0","0","Indexable",""
"https://www.infopro-digital.com/fr/cgv/conditions-generales-de-vente-trophees/","0","","0","0","Indexable",""
"https://www.infopro-digital.com/fr/cgv/general-terms-and-conditions-of-sale-ipd-leads-service-last-updated-10-2025/","0","","0","0","Indexable",""
"https://www.infopro-digital.com/fr/cgv/infopro-digital-stories/","0","","0","0","Indexable",""
"https://www.infopro-digital.com/group/about-us/","1","We draw on the digital expertise of our teams to serve business communities. Our clients are companies and local governments.","125","802","Indexable",""
"https://www.infopro-digital.com/news/john-van-der-valk-joins-infopro-digital-as-managing-director-trade-shows/","0","","0","0","Indexable",""
"https://www.infopro-digital.com/news/supporting-return-to-work-after-cancer/","0","","0","0","Indexable",""
"https://www.infopro-digital.com/news/press-release-infopro-digital-acquires-eucon-automotive-a-global-pricing-and-data-provider-for-the-automotive-aftermarket/","0","","0","0","Indexable",""
"https://www.infopro-digital.com/news/appointment-of-ben-wood/","0","","0","0","Indexable",""
"https://www.infopro-digital.com/news/discover-the-2023-environmental-social-and-governance-report/","0","","0","0","Indexable",""
"https://www.infopro-digital.com/data-protection/politica-privind-datele-cu-caracter-personal/","0","","0","0","Indexable",""
"https://www.infopro-digital.com/data-protection/it/","0","","0","0","Indexable",""
"https://www.infopro-digital.com/data-protection/fr/","0","","0","0","Indexable",""
"https://www.infopro-digital.com/data-protection/eng/","0","","0","0","Indexable",""
"https://www.infopro-digital.com/data-protection/nl/","0","","0","0","Indexable",""
"https://www.infopro-digital.com/data-protection/pt/","0","","0","0","Indexable",""
"https://www.infopro-digital.com/data-protection/de/","0","","0","0","Indexable",""
"https://www.infopro-digital.com/careers/job-board/","0","","0","0","Indexable",""
"https://www.infopro-digital.com/group/esg-strategy/","1","Work with a responsible group that puts corporate social responsibility at the heart of its business strategy. Discover our ESG commitments.","140","874","Indexable",""
"https://www.infopro-digital.com/data-protection/es/","0","","0","0","Indexable",""
"https://www.infopro-digital.com/careers/job-board/?_jobs=content","0","","0","0","Non indexable","Canonisé"
"https://www.infopro-digital.com/news/infopro-digital-a-mayor-player-in-the-french-technology-ecosystem/","0","","0","0","Indexable",""
"https://www.infopro-digital.com/careers/job-board/?_jobs=marketing","0","","0","0","Non indexable","Canonisé"
"https://www.infopro-digital.com/careers/working-at-infopro-digital/","0","","0","0","Indexable",""
"https://www.infopro-digital.com/careers/job-board/?_jobs=information-technology","0","","0","0","Non indexable","Canonisé"
"https://www.infopro-digital.com/careers/job-board/?_jobs=sales","0","","0","0","Non indexable","Canonisé"
"https://www.infopro-digital.com/careers/job-board/?_jobs=support","0","","0","0","Non indexable","Canonisé"
"https://www.infopro-digital.com/terms-and-conditions/publishing-licence/","0","","0","0","Indexable",""
"https://www.infopro-digital.com/terms-and-conditions/in-house-e-learning/","0","","0","0","Indexable",""
"https://www.infopro-digital.com/terms-and-conditions/logo-licence/","0","","0","0","Indexable",""
"https://www.infopro-digital.com/terms-and-conditions/central-banking-institute-membership/","0","","0","0","Indexable",""
"https://www.infopro-digital.com/terms-and-conditions/content-and-data-licence-terms-and-conditions/","0","","0","0","Indexable",""
"https://www.infopro-digital.com/terms-and-conditions/lead-generation/","0","","0","0","Indexable",""
"https://www.infopro-digital.com/terms-and-conditions/research-and-marketing-services/","0","","0","0","Indexable",""
"https://www.infopro-digital.com/terms-and-conditions/digital-advertising/","0","","0","0","Indexable",""
"https://www.infopro-digital.com/terms-and-conditions/speaker-engagement/","0","","0","0","Indexable",""
"https://www.infopro-digital.com/terms-and-conditions/sponsored-content-services/","0","","0","0","Indexable",""
"https://www.infopro-digital.com/terms-and-conditions/subscriptions/","0","","0","0","Indexable",""
"https://www.infopro-digital.com/terms-and-conditions/creative-services/","0","","0","0","Indexable",""
"https://www.infopro-digital.com/terms-and-conditions/chartis-membership-terms-and-conditions/","0","","0","0","Indexable",""
"https://www.infopro-digital.com/terms-and-conditions/webinar/","0","","0","0","Indexable",""
"https://www.infopro-digital.com/terms-and-conditions/event-admission/","0","","0","0","Indexable",""
"https://www.infopro-digital.com/terms-and-conditions/exhibitor-agreement/","0","","0","0","Indexable",""
"https://www.infopro-digital.com/terms-and-conditions/sponsorship/","0","","0","0","Indexable",""
"https://www.infopro-digital.com/terms-and-conditions/books/","0","","0","0","Indexable",""
"https://www.infopro-digital.com/financial-contact-us/","0","","0","0","Indexable",""
"https://www.infopro-digital.com/forgot-your-password-2/","0","","0","0","Indexable",""
"https://www.infopro-digital.com/fr/carrieres/job-board/11637-mitarbeiter-m-w-d-personalabteilung/","0","","0","0","Indexable",""
"https://www.infopro-digital.com/fr/carrieres/job-board/11635-head-of-client-and-sales-marketing/","0","","0","0","Indexable",""
"https://www.infopro-digital.com/fr/carrieres/job-board/11584-charg-de-missions-it-f-h-x/","0","","0","0","Indexable",""
"https://www.infopro-digital.com/fr/carrieres/job-board/11639-contract-administrator-m-f-d-sourcing-partnerships/","0","","0","0","Indexable",""
"https://www.infopro-digital.com/fr/carrieres/job-board/11554-product-manager-h-f-x/","0","","0","0","Indexable",""
"https://www.infopro-digital.com/fr/carrieres/job-board/11371-acheteur-facility-management-et-mobilit-f-h-x/","0","","0","0","Indexable",""
"https://www.infopro-digital.com/fr/carrieres/job-board/11641-responsable-marketing-f-h-x/","0","","0","0","Indexable",""
"https://www.infopro-digital.com/fr/carrieres/job-board/11630-charg-de-projet-logistique-f-h-x/","0","","0","0","Indexable",""
"https://www.infopro-digital.com/fr/carrieres/job-board/11369-acheteur-service-f-h-x/","0","","0","0","Indexable",""
"https://www.infopro-digital.com/fr/carrieres/job-board/11616-credit-manager-pr-contentieux-international-f-h-x/","0","","0","0","Indexable",""
"https://www.infopro-digital.com/fr/notre-politique-environnementale/","0","","0","0","Indexable",""
