"Adresse","Nombre de mots","Nombre de phrases","Moyenne de mots par phrase","Score de lisibilité de Flesch","Lisibilité","Quasi-doublon le plus proche","Nombre de quasi-doublons","Adresse sémantiquement similaire la plus proche","Score de similarité sémantique","Nbre sémantiquement similaires","Score de pertinence sémantique","Total des erreurs de langue","Erreurs d'orthographe","Erreurs de grammaire","Language","Hachage","Indexabilité","Statut d'indexabilité"
"https://www.infopro-digital.com/fr/","217","57","3,807","49,755","Difficile","","","","","","","","","","fr-FR","5de0aa71a08ff97cb132c2f72c387559","Indexable",""
"https://www.infopro-digital.com/fr/actualites/","156","52","3,000","57,367","Assez difficile","","","","","","","","","","fr-FR","448cdb07684adfb2cb1c3ea9d05cbf7e","Indexable",""
"https://www.infopro-digital.com/fr/actualites/communique-gustave-roussy-lance-avec-le-soutien-dinfopro-digital-le-guide-travail-cancer-destine-aux-managers/","544","66","8,242","64,260","Normal","","","","","","","","","","fr-FR","a01fcf23e3103f482426f97db2f45338","Indexable",""
"https://www.infopro-digital.com/fr/actualites/infopro-digital-classe-9e-entreprise-francaise-editrice-de-logiciels-par-ey-2/","179","29","6,172","55,947","Assez difficile","","","","","","","","","","fr-FR","4d419c4090be8e03aba40d86385a4a1d","Indexable",""
"https://www.infopro-digital.com/fr/protection-des-donnees/","124","24","5,167","44,671","Difficile","","","","","","","","","","fr-FR","4b0347c6d7f348db9a6908af3884d472","Indexable",""
"https://www.infopro-digital.com/fr/carrieres/","918","221","4,154","64,476","Normal","","","","","","","","","","fr-FR","731eead021707afac9db4d1722030748","Indexable",""
"https://www.infopro-digital.com/fr/medias/","39","16","2,438","41,669","Difficile","","","","","","","","","","fr-FR","2459bca19edfb9705e6abfc707ce1cce","Indexable",""
"https://www.infopro-digital.com/fr/expertises/plateformes-de-leads/","627","109","5,752","56,353","Assez difficile","","","","","","","","","","fr-FR","e4f43a58c3338b3622c5e886a7643af3","Indexable",""
"https://www.infopro-digital.com/fr/expertises/logiciels-et-bases-de-donnees/","696","112","6,214","53,693","Assez difficile","","","","","","","","","","fr-FR","b9ce95223fd6da4522093ebe5c11ef07","Indexable",""
"https://www.infopro-digital.com/fr/mentions-legales-et-cgu/","1648","225","7,324","59,616","Assez difficile","","","","","","","","","","fr-FR","7719014b764b775659ac1c2f9c0ed91d","Indexable",""
"https://www.infopro-digital.com/fr/groupe/international/","201","50","4,020","68,489","Normal","","","","","","","","","","fr-FR","9b632b917b3d95acdb498e5c2075661e","Indexable",""
"https://www.infopro-digital.com/fr/expertises/","265","59","4,492","53,827","Assez difficile","","","","","","","","","","fr-FR","907f1d0d87efeaee8f7d32c5ed2624bc","Indexable",""
"https://www.infopro-digital.com/fr/acces-finance/","55","14","3,929","61,335","Normal","","","","","","","","","","fr-FR","5e9214d602ee9019fbc756d6b96e8ec5","Indexable",""
"https://www.infopro-digital.com/fr/secteurs/construction-et-secteur-public/","970","139","6,978","57,938","Assez difficile","","","","","","","","","","fr-FR","7ff53a881630191f48a8a55abfcf027b","Indexable",""
"https://www.infopro-digital.com/fr/secteurs/industrie/","1158","165","7,018","55,059","Assez difficile","","","","","","","","","","fr-FR","f0100c453da0579c7d4a4d639c97121f","Indexable",""
"https://www.infopro-digital.com/fr/secteurs/risques-et-assurances/","1037","163","6,362","54,347","Assez difficile","","","","","","","","","","fr-FR","ca3b3a02b9149f158c71f65e254fc115","Indexable",""
"https://www.infopro-digital.com/fr/expertises/information-et-insights/","606","106","5,717","47,189","Difficile","","","","","","","","","","fr-FR","892e96bf9d2a302e7ab0310e3729be83","Indexable",""
"https://www.infopro-digital.com/fr/expertises/salons-professionnels/","581","103","5,641","49,237","Difficile","","","","","","","","","","fr-FR","9fb3d711229bd1ca7080c66adbef07db","Indexable",""
"https://www.infopro-digital.com/fr/cgv/","284","53","5,358","60,793","Normal","","","","","","","","","","fr-FR","94eaf6d6c3802e2650d0ed14b2009b85","Indexable",""
"https://www.infopro-digital.com/fr/groupe/","1351","229","5,900","59,075","Assez difficile","","","","","","","","","","fr-FR","de3c676d7a1a36c8ec98318f3cacc19b","Indexable",""
"https://www.infopro-digital.com/fr/secteurs/","144","33","4,364","62,581","Normal","","","","","","","","","","fr-FR","bfed36dc27bda1e8b9e5310305b51fef","Indexable",""
"https://www.infopro-digital.com/","208","58","3,586","55,958","Assez difficile","","","","","","","","","","en-GB","60934e927599d195af4a995291f94202","Indexable",""
"https://www.infopro-digital.com/fr/groupe","1351","229","5,900","59,075","Assez difficile","","","","","","","","","","fr-FR","de3c676d7a1a36c8ec98318f3cacc19b","Non indexable","Canonisé"
"https://www.infopro-digital.com/fr/secteurs/distribution/","1108","159","6,969","56,751","Assez difficile","","","","","","","","","","fr-FR","aef3106baeb2e857813da6ec5499de46","Indexable",""
"https://www.infopro-digital.com/fr/contact/","923","330","2,797","92,449","Très facile","","","","","","","","","","fr-FR","d23ef52bf5fba1f427b5f559bd880c9f","Indexable",""
"https://www.infopro-digital.com/fr/secteurs/automobile/","1189","168","7,077","58,485","Assez difficile","","","","","","","","","","fr-FR","3c321d7257fde0d512d7ca897bd7c5e0","Indexable",""
"https://www.infopro-digital.com/fr/declaration-daccessibilite-rgaa-4-1/","1020","279","3,656","74,897","Assez facile","","","","","","","","","","fr-FR","79d61e6c017e354abf9502c28d8b2fde","Indexable",""
"https://www.infopro-digital.com/app/uploads/sites/2/2024/12/infopro-digital-span-fr.pdf","0","","","","","","","","","","","","","","","","Indexable",""
"https://www.infopro-digital.com/app/uploads/sites/2/2024/12/infopro-digital-actions-fr.pdf","0","","","","","","","","","","","","","","","","Indexable",""
"https://www.infopro-digital.com/app/uploads/sites/2/2024/12/infopro-digital-planactions-fr.pdf","0","","","","","","","","","","","","","","","","Indexable",""
"https://www.infopro-digital.com/fr/actualites/lusine-nouvelle-se-reinvente-en-2021-media-b2b-industrie-digital/","473","75","6,307","56,274","Assez difficile","","","","","","","","","","fr-FR","8c1ccbcdaae99a78c1cec4fd02b6dbb1","Indexable",""
"https://www.infopro-digital.com/news/press-release-infopro-digital-has-reached-an-agreement-to-acquire-karnov-groups-ehs-division-enhancing-its-portfolio-of-software-solutions-for-ehs-legal-monitoring-and-compliance/","209","34","6,147","34,634","Difficile","","","","","","","","","","en-GB","93900717c7aaf0e00e6316b0fdef4c2e","Indexable",""
"https://www.infopro-digital.com/app/uploads/sites/2/2025/06/msa-statement-2025.pdf","0","","","","","","","","","","","","","","","","Indexable",""
"https://www.infopro-digital.com/sectors/automotive/","955","157","6,083","36,953","Difficile","","","","","","","","","","en-GB","db606ca77827d0ca38b8f75a3568a318","Indexable",""
"https://www.infopro-digital.com/contact-us/","895","328","2,729","90,352","Très facile","","","","","","","","","","en-GB","363abb8eb24c097f3725dab0c2bc2fc6","Indexable",""
"https://www.infopro-digital.com/sectors/retail/","909","144","6,312","45,188","Difficile","","","","","","","","","","en-GB","d9f92623b82fe6d5b4c1d8efdb7e857","Indexable",""
"https://www.infopro-digital.com/accessibility-statement-rgaa-4-1/","839","264","3,178","50,442","Assez difficile","","","","","","","","","","en-GB","42d5fb096844e707e5a425d6be8ec6ff","Indexable",""
"https://www.infopro-digital.com/solutions/tradeshows/","483","89","5,427","37,732","Difficile","","","","","","","","","","en-GB","d459a177670a8d4f43e072e740b10589","Indexable",""
"https://www.infopro-digital.com/sectors/","117","33","3,545","50,667","Assez difficile","","","","","","","","","","en-GB","a30a8670bf0caada37ed5f6a71d3f459","Indexable",""
"https://www.infopro-digital.com/group/","1222","210","5,819","56,790","Assez difficile","","","","","","","","","","en-GB","c73e67b3d787f2e5dd76bc9d146af23e","Indexable",""
"https://www.infopro-digital.com/fr/groupe/a-propos/","280","56","5,000","64,285","Normal","","","","","","","","","","fr-FR","b3486662e15ce2166346521eb8533319","Indexable",""
"https://www.infopro-digital.com/fr/actualites/john-van-der-valk-rejoint-infopro-digital-en-tant-que-directeur-general-delegue-salons/","351","49","7,163","53,744","Assez difficile","","","","","","","","","","fr-FR","ad513405eed27995f62dc6660162ae79","Indexable",""
"https://www.infopro-digital.com/news/","126","47","2,681","58,414","Assez difficile","","","","","","","","","","en-GB","4142f0a6b028c2e45cb609d311351511","Indexable",""
"https://www.infopro-digital.com/fr/actualites/communique-infopro-digital-acquiert-eucon-automotive-fournisseur-mondial-des-donnees-de-prix-et-solutions-analytiques-dans-lapres-vente-automobile/","334","47","7,106","39,541","Difficile","","","","","","","","","","fr-FR","f1297489237dce118ccd7a3bc83a2b9c","Indexable",""
"https://www.infopro-digital.com/fr/actualites/danielle-attias-nommee-dg-deleguee-medias-construction-collectivites-et-emploi/","297","39","7,615","56,966","Assez difficile","","","","","","","","","","fr-FR","d077558143b65d9e9793e3cc3b981eb1","Indexable",""
"https://www.infopro-digital.com/news/infopro-digital-ranked-9th-french-software-publisher-by-ey/","159","27","5,889","60,922","Normal","","","","","","","","","","en-GB","ed3be94d2623faba530b1ae7299a0469","Indexable",""
"https://www.infopro-digital.com/data-protection/","115","24","4,792","41,599","Difficile","","","","","","","","","","en-GB","7cdcc502c6f580cef00f0c87ac3fa3af","Indexable",""
"https://www.infopro-digital.com/fr/actualites/nomination-de-ben-wood/","85","18","4,722","65,687","Normal","","","","","","","","","","fr-FR","a39ea6a7a72794ef5c34b8f56270118f","Indexable",""
"https://www.infopro-digital.com/fr/protection-des-donnees/pt/","6218","939","6,622","31,662","Difficile","","","","","","","","","","fr-FR","680eaf5fda1f6e12d225e7690fee0a72","Indexable",""
"https://www.infopro-digital.com/fr/actualites/infopro-digital-a-signe-un-accord-en-vue-dacquerir-la-division-hse-du-groupe-karnov-et-renforce-son-offre-de-solutions-logicielles-pour-la-veille-reglementaire-et-la-conformite-en-matiere-d/","232","35","6,629","48,775","Difficile","","","","","","","","","","fr-FR","e69e20bda7dcf4e57e3b11c1ef4636ab","Indexable",""
"https://www.infopro-digital.com/fr/protection-des-donnees/eng/","5972","912","6,548","55,652","Assez difficile","","","","","","","","","","fr-FR","bb6c0f49a4d44cb5440f95b9bc881fc3","Indexable",""
"https://www.infopro-digital.com/fr/protection-des-donnees/es/","6327","933","6,781","33,453","Difficile","","","","","","","","","","fr-FR","96a4ee066b8e3281e1178602743314f6","Indexable",""
"https://www.infopro-digital.com/fr/protection-des-donnees/nl/","6199","971","6,384","46,727","Difficile","","","","","","","","","","fr-FR","ef1dd98159154887faec81f7e3a3d0fb","Indexable",""
"https://www.infopro-digital.com/fr/protection-des-donnees/fr/","6568","956","6,870","58,303","Assez difficile","","","","","","","","","","fr-FR","4b2902cb5631069f7d89f82f64831113","Indexable",""
"https://www.infopro-digital.com/fr/protection-des-donnees/de/","5755","987","5,831","37,744","Difficile","","","","","","","","","","fr-FR","6e9aa91c0958d34c3b69d3840b172d98","Indexable",""
"https://www.infopro-digital.com/careers/","761","182","4,181","62,851","Normal","","","","","","","","","","en-GB","599685a8f16b6c5b8d5fc5b757994b4","Indexable",""
"https://www.infopro-digital.com/fr/protection-des-donnees/politica-privind-datele-cu-caracter-personal/","6068","988","6,142","28,947","Très difficile","","","","","","","","","","fr-FR","b44e165b790131e13506050b9cd69e5e","Indexable",""
"https://www.infopro-digital.com/fr/protection-des-donnees/it/","6103","933","6,541","20,918","Très difficile","","","","","","","","","","fr-FR","a94ce292df4adac1410818d9f5fa95db","Indexable",""
"https://www.infopro-digital.com/fr/carrieres/job-board/?_jobs=marketing","236","57","4,140","61,394","Normal","","","","","","","","","","fr-FR","fe9e6b849cf5a8497259b10a1da75d15","Non indexable","Canonisé"
"https://www.infopro-digital.com/fr/carrieres/job-board/?_jobs=commerce","236","57","4,140","61,035","Normal","","","","","","","","","","fr-FR","b32345024ac37ce1de6efe951a017988","Non indexable","Canonisé"
"https://www.infopro-digital.com/fr/actualites/infopro-digital-acteur-majeur-du-paysage-technologique-francais/","362","61","5,934","56,851","Assez difficile","","","","","","","","","","fr-FR","c9a3a58b44f9b6a1e863cf1e809784f9","Indexable",""
"https://www.infopro-digital.com/fr/carrieres/travailler-chez-infopro-digital/","454","74","6,135","46,129","Difficile","","","","","","","","","","fr-FR","12ab3238971030d46f2632dbee1ce09b","Indexable",""
"https://www.infopro-digital.com/fr/groupe/strategie-rse/","573","89","6,438","52,952","Assez difficile","","","","","","","","","","fr-FR","77a1990fcc9d647306214a060d82b51e","Indexable",""
"https://www.infopro-digital.com/fr/actualites/infopro-digital-est-classe-26eme-meilleur-employeur-en-2022-dans-la-categorie-tech-du-palmares-capital/","250","41","6,098","67,316","Normal","","","","","","","","","","fr-FR","2b1107dbfb526659508c2c7490fc22af","Indexable",""
"https://www.infopro-digital.com/fr/carrieres/job-board/?_jobs=contenu","236","57","4,140","61,035","Normal","","","","","","","","","","fr-FR","32bb6d69f495394daf3aa34e0051687e","Non indexable","Canonisé"
"https://www.infopro-digital.com/media/","34","16","2,125","32,990","Difficile","","","","","","","","","","en-GB","dfaac20691b74b3d8a3844f630f2b154","Indexable",""
"https://www.infopro-digital.com/fr/actualites/infopro-digital-index-de-legalite-femmes-hommes-2024/","179","29","6,172","74,852","Assez facile","","","","","","","","","","fr-FR","2277a45406cb59fdfcfab5800de5b57d","Indexable",""
"https://www.infopro-digital.com/fr/carrieres/job-board/?_jobs=support","236","57","4,140","61,752","Normal","","","","","","","","","","fr-FR","398bfb1c0d6fedcb58f18e33ce9bd6eb","Non indexable","Canonisé"
"https://www.infopro-digital.com/fr/carrieres/job-board/?_jobs=information-technology","236","57","4,140","61,752","Normal","","","","","","","","","","fr-FR","a50a4ac1a13f3e124a685dfa85e0749","Non indexable","Canonisé"
"https://www.infopro-digital.com/solutions/lead-generation-platforms/","513","96","5,344","45,239","Difficile","","","","","","","","","","en-GB","96dd9efad9de1a36159ccd6044d69bd1","Indexable",""
"https://www.infopro-digital.com/fr/carrieres/job-board/","342","95","3,600","66,386","Normal","","","","","","","","","","fr-FR","4596e99b2ea8d3838344691560070883","Indexable",""
"https://www.infopro-digital.com/solutions/software-and-databases/","573","104","5,510","35,881","Difficile","","","","","","","","","","en-GB","f8fab832bec3d588e044466ce227539e","Indexable",""
"https://www.infopro-digital.com/group/international/","178","46","3,870","66,502","Normal","","","","","","","","","","en-GB","74b32cd5c8d75820d112aceb573c381a","Indexable",""
"https://www.infopro-digital.com/solutions/","241","60","4,017","53,216","Assez difficile","","","","","","","","","","en-GB","4f468235785576d993252d0c443fdbaa","Indexable",""
"https://www.infopro-digital.com/sectors/construction-and-public-sector/","812","129","6,295","45,832","Difficile","","","","","","","","","","en-GB","418abbe296cda40ea8a8982c179e2e37","Indexable",""
"https://www.infopro-digital.com/legal-notice-and-gtu/","1542","216","7,139","53,706","Assez difficile","","","","","","","","","","en-GB","2135d05938838d9fd9b4950383c057bc","Non indexable","Canonisé"
"https://www.infopro-digital.com/fr/mot-de-passe-oublie/","58","13","4,462","52,069","Assez difficile","","","","","","","","","","fr-FR","c25f1906a74b114f9a650e3211ef62bc","Indexable",""
"https://www.infopro-digital.com/financial-access/","43","14","3,071","50,257","Assez difficile","","","","","","","","","","en-GB","40ee0351605486e9d12d1ac3875c706d","Indexable",""
"https://www.infopro-digital.com/fr/nous-contacter/","182","31","5,871","66,539","Normal","","","","","","","","","","fr-FR","469b43aa70f02fa673d7f2ff0745a4e3","Indexable",""
"https://www.infopro-digital.com/sectors/industry/","965","144","6,701","40,740","Difficile","","","","","","","","","","en-GB","803d40644dddf4a914f0f10880d788fc","Indexable",""
"https://www.infopro-digital.com/sectors/risk-and-insurance/","886","144","6,153","47,145","Difficile","","","","","","","","","","en-GB","bdfb41bd9e592de9ba65817507c728fd","Indexable",""
"https://www.infopro-digital.com/solutions/information-and-insights/","483","97","4,979","40,113","Difficile","","","","","","","","","","en-GB","4fc76083760efcb6d5791e5607b0e196","Indexable",""
"https://www.infopro-digital.com/fr/cgv/conditions-generales-dabonnement-et-dutilisation-moniteur-juris/","2080","271","7,675","70,802","Assez facile","","","","","","","","","","fr-FR","bc42cac21068fcb1b829b8fd28d16d6e","Indexable",""
"https://www.infopro-digital.com/fr/cgv/cgv-des-editions-de-largus-de-lassurance-derniere-mise-a-jour-07-2024/","6183","826","7,485","66,734","Normal","","","","","","","","","","fr-FR","dc5b02b9b608812d2a779d1239a910eb","Indexable",""
"https://www.infopro-digital.com/fr/cgv/general-terms-and-conditions-of-sale-ipdata-service/","7229","922","7,841","63,779","Normal","","","","","","","","","","fr-FR","7a9f13279be899786face54ac9312cf3","Indexable",""
"https://www.infopro-digital.com/fr/cgv/conditions-generales-de-vente-ipd-leads/","7332","910","8,057","66,322","Normal","","","","","","","","","","fr-FR","6d6cc769fbe83d4a9d3e9ee08bcdd36b","Indexable",""
"https://www.infopro-digital.com/fr/cgv/general-terms-and-conditions-of-sale-infopro-digital-etudes/","5174","555","9,323","66,450","Normal","","","","","","","","","","fr-FR","d673b7c85aeaa9c01f37af8003c50d25","Indexable",""
"https://www.infopro-digital.com/terms-and-conditions/","185","43","4,302","51,560","Assez difficile","","","","","","","","","","en-GB","6a084aeff987db638d4556b0275e1d72","Indexable",""
"https://www.infopro-digital.com/fr/cgv/conditions-generales-de-ventes-conditions-generales-dabonnement-et-dutilisation-kheox/","5545","696","7,967","61,817","Normal","","","","","","","","","","fr-FR","589a79037f50ce2d8a2930afad67e16b","Indexable",""
"https://www.infopro-digital.com/fr/cgv/conditions-generales-dabonnement-et-dutilisation-moniteur-juris-2/","5530","704","7,855","60,687","Normal","","","","","","","","","","fr-FR","9fa091eea9faafe28dbdaf32e18aa3ef","Indexable",""
"https://www.infopro-digital.com/fr/cgv/conditions-generales-de-vente-editions-du-moniteur/","2703","351","7,701","74,106","Assez facile","","","","","","","","","","fr-FR","3baec20a5a318318c3125a9286ac1870","Indexable",""
"https://www.infopro-digital.com/fr/cgv/general-terms-and-conditions-of-sale-webinar-service/","8650","1194","7,245","60,581","Normal","","","","","","","","","","fr-FR","f255aac19e534049501765857ffeb5da","Indexable",""
"https://www.infopro-digital.com/fr/cgv/conditions-generales-de-vente-dabonnement-des-produits-de-presse-et-des-services-numeriques/","10297","1266","8,133","63,821","Normal","","","","","","","","","","fr-FR","8685bd425f1da5201b842189c062e548","Indexable",""
"https://www.infopro-digital.com/fr/cgv/conditions-generales-de-vente-et-dutilisation-des-produits-et-services-batiprix/","11042","1278","8,640","63,542","Normal","","","","","","","","","","fr-FR","c965379c70697ad0d572700591c68916","Indexable",""
"https://www.infopro-digital.com/fr/cgv/general-terms-and-conditions-for-selling-ad-space-press-internet-and-references/","3277","361","9,078","65,003","Normal","","","","","","","","","","fr-FR","2a484e5a6b329bb470d113ee58e06d34","Indexable",""
"https://www.infopro-digital.com/fr/cgv/conditions-generales-de-vente-events/","2951","385","7,665","64,314","Normal","","","","","","","","","","fr-FR","6eb76ce6895eeff715a06e67f0c89a01","Indexable",""
"https://www.infopro-digital.com/fr/cgv/publicite-presse-internet-et-referencement/","3243","374","8,671","68,721","Normal","","","","","","","","","","fr-FR","cce4c2dbfd902212d7bf5221abbf0001","Indexable",""
"https://www.infopro-digital.com/fr/cgv/webinars/","8896","1198","7,426","68,309","Normal","","","","","","","","","","fr-FR","3c4d318077fc8d3b2501afdf77cac751","Indexable",""
"https://www.infopro-digital.com/fr/cgv/general-terms-and-conditions-of-sale-france-infopro-digital-stories/","6105","663","9,208","64,291","Normal","","","","","","","","","","fr-FR","8c08c9c373f6768fac616368323450dd","Indexable",""
"https://www.infopro-digital.com/fr/cgv/infopro-data/","7061","924","7,642","69,081","Normal","","","","","","","","","","fr-FR","357b6ef276677019fb37b33b19e3e6ad","Indexable",""
"https://www.infopro-digital.com/fr/cgv/infopro-digital-etudes/","5016","575","8,723","67,303","Normal","","","","","","","","","","fr-FR","5e37fe1f958e686f21e9ca914b631f78","Indexable",""
"https://www.infopro-digital.com/fr/cgv/conditions-generales-de-vente-formations/","5127","647","7,924","59,541","Assez difficile","","","","","","","","","","fr-FR","2b193b397deb010fafac422c4a69d771","Indexable",""
"https://www.infopro-digital.com/fr/cgv/conditions-generales-de-vente-trophees/","2641","339","7,791","61,953","Normal","","","","","","","","","","fr-FR","29f5484ee12b564080c41600fe97fef5","Indexable",""
"https://www.infopro-digital.com/fr/cgv/general-terms-and-conditions-of-sale-ipd-leads-service-last-updated-10-2025/","7100","860","8,256","64,394","Normal","","","","","","","","","","fr-FR","fb986ce6ec4f216a8b73f450ceb2cabf","Indexable",""
"https://www.infopro-digital.com/fr/cgv/infopro-digital-stories/","5837","651","8,966","65,073","Normal","","","","","","","","","","fr-FR","f3bc1b96cbfbcd15e7123d06baa235ff","Indexable",""
"https://www.infopro-digital.com/app/uploads/sites/2/2024/10/infopro-digital-span.pdf","0","","","","","","","","","","","","","","","","Indexable",""
"https://www.infopro-digital.com/app/uploads/sites/2/2024/10/infopro-digital-planactions.pdf","0","","","","","","","","","","","","","","","","Indexable",""
"https://www.infopro-digital.com/app/uploads/sites/2/2024/10/infopro-digital-actions.pdf","0","","","","","","","","","","","","","","","","Indexable",""
"https://www.infopro-digital.com/group/about-us/","249","50","4,980","58,742","Assez difficile","","","","","","","","","","en-GB","b7e3c497d82fa715ad38ac5c439a7927","Indexable",""
"https://www.infopro-digital.com/news/john-van-der-valk-joins-infopro-digital-as-managing-director-trade-shows/","338","45","7,511","57,544","Assez difficile","","","","","","","","","","en-GB","ccbad96efb98cf20f9f2414b2747bf0c","Indexable",""
"https://www.infopro-digital.com/news/supporting-return-to-work-after-cancer/","967","126","7,675","52,417","Assez difficile","","","","","","","","","","en-GB","3214470a541493af251e15fdfbb53b8a","Indexable",""
"https://www.infopro-digital.com/news/press-release-infopro-digital-acquires-eucon-automotive-a-global-pricing-and-data-provider-for-the-automotive-aftermarket/","506","84","6,024","26,672","Très difficile","","","","","","","","","","en-GB","281a9b8f2b20dad3891e109afa09e7db","Indexable",""
"https://www.infopro-digital.com/news/appointment-of-ben-wood/","98","19","5,158","66,930","Normal","","","","","","","","","","en-GB","a4da4c3cc2f759b46f7d4cd90b6e221c","Indexable",""
"https://www.infopro-digital.com/news/discover-the-2023-environmental-social-and-governance-report/","244","37","6,595","54,519","Assez difficile","","","","","","","","","","en-GB","af98a5fb575e0b90ef47666d120724f4","Indexable",""
"https://www.infopro-digital.com/data-protection/politica-privind-datele-cu-caracter-personal/","6064","988","6,138","28,978","Très difficile","","","","","","","","","","en-GB","d00ca6506251ad3b02c7891826f2efaa","Indexable",""
"https://www.infopro-digital.com/data-protection/it/","6047","933","6,481","19,389","Très difficile","","","","","","","","","","en-GB","9e4af7f6d07bc733c37ea79c8f913b68","Indexable",""
"https://www.infopro-digital.com/data-protection/fr/","6518","956","6,818","57,375","Assez difficile","","","","","","","","","","en-GB","2c5429b82a01add567d03ddb43f71bb2","Indexable",""
"https://www.infopro-digital.com/data-protection/eng/","5929","913","6,494","54,773","Assez difficile","","","","","","","","","","en-GB","a1469c5374af90acc7391868e1d9923d","Indexable",""
"https://www.infopro-digital.com/data-protection/nl/","6150","970","6,340","45,657","Difficile","","","","","","","","","","en-GB","615e954b7c052ffd3fab33d0e48c5cc9","Indexable",""
"https://www.infopro-digital.com/data-protection/pt/","6164","940","6,557","30,389","Difficile","","","","","","","","","","en-GB","b4390e2d6a6b349fcdc4ee58ea10b22b","Indexable",""
"https://www.infopro-digital.com/data-protection/de/","5698","982","5,802","36,200","Difficile","","","","","","","","","","en-GB","a5c18d6a3bfd3ec686a636bb7b20a3f8","Indexable",""
"https://www.infopro-digital.com/careers/job-board/","323","93","3,473","61,349","Normal","","","","","","","","","","en-GB","a7e1e78e4f3d5617bdb52c3b412f354","Indexable",""
"https://www.infopro-digital.com/group/esg-strategy/","492","83","5,928","44,171","Difficile","","","","","","","","","","en-GB","2c6caf3fe61a211f072ffa9a518573be","Indexable",""
"https://www.infopro-digital.com/data-protection/es/","6271","933","6,721","32,162","Difficile","","","","","","","","","","en-GB","7596fd95941d75d8c8b9827a14478a11","Indexable",""
"https://www.infopro-digital.com/careers/job-board/?_jobs=content","320","93","3,441","64,546","Normal","","","","","","","","","","en-GB","59e1645cdb4966b367faa896e7f07ebd","Non indexable","Canonisé"
"https://www.infopro-digital.com/news/infopro-digital-a-mayor-player-in-the-french-technology-ecosystem/","317","50","6,340","54,151","Assez difficile","","","","","","","","","","en-GB","696c182e3c67f64b8e03f30e588a6202","Indexable",""
"https://www.infopro-digital.com/careers/job-board/?_jobs=marketing","313","93","3,366","61,788","Normal","","","","","","","","","","en-GB","e81eaf7cd75b402f0aacfe26391b0257","Non indexable","Canonisé"
"https://www.infopro-digital.com/careers/working-at-infopro-digital/","452","69","6,551","49,890","Difficile","","","","","","","","","","en-GB","690d05302d9844b131b6dbacd9c299a4","Indexable",""
"https://www.infopro-digital.com/careers/job-board/?_jobs=information-technology","343","93","3,688","59,543","Assez difficile","","","","","","","","","","en-GB","bea34d5cbf24c807fc361e94041d6dcf","Non indexable","Canonisé"
"https://www.infopro-digital.com/app/uploads/sites/2/2024/07/cgv-infopro-digital-etudes-07-2024-fr.pdf","0","","","","","","","","","","","","","","","","Indexable",""
"https://www.infopro-digital.com/careers/job-board/?_jobs=sales","312","93","3,355","68,124","Normal","","","","","","","","","","en-GB","8548ec901d7bbb30e11dc105d9efd0c","Non indexable","Canonisé"
"https://www.infopro-digital.com/app/uploads/sites/2/2024/07/cgv-ipdata-07-2024-fr.pdf","0","","","","","","","","","","","","","","","","Indexable",""
"https://www.infopro-digital.com/app/uploads/sites/2/2026/02/cgv-infopro-digital-stories-02.2026-en.pdf","0","","","","","","","","","","","","","","","","Indexable",""
"https://www.infopro-digital.com/app/uploads/sites/2/2025/07/cgv-webinars-ipd-07-2025-fr.pdf","0","","","","","","","","","","","","","","","","Indexable",""
"https://www.infopro-digital.com/app/uploads/sites/2/2025/10/cgv-ga-pa--10-2025-fr-002-site-corp.pdf","0","","","","","","","","","","","","","","","","Indexable",""
"https://www.infopro-digital.com/app/uploads/sites/2/2024/07/cgv-events-072024.pdf","0","","","","","","","","","","","","","","","","Indexable",""
"https://www.infopro-digital.com/careers/job-board/?_jobs=support","331","93","3,559","66,482","Normal","","","","","","","","","","en-GB","bfb9070c1c0f7cff479b0e1a7d58a95c","Non indexable","Canonisé"
"https://www.infopro-digital.com/app/uploads/sites/2/2025/10/cgv-ga-pa-10-2025-eng-002.pdf","0","","","","","","","","","","","","","","","","Indexable",""
"https://www.infopro-digital.com/app/uploads/sites/2/2025/09/cgv-cgu-batiprix-09-2025.pdf","0","","","","","","","","","","","","","","","","Indexable",""
"https://www.infopro-digital.com/app/uploads/sites/2/2025/03/cgv-abopresse-offrespass-03-2025.pdf","0","","","","","","","","","","","","","","","","Indexable",""
"https://www.infopro-digital.com/app/uploads/sites/2/2024/07/cgv-webinars-ipd-07-2024-en.pdf","0","","","","","","","","","","","","","","","","Indexable",""
"https://www.infopro-digital.com/app/uploads/sites/2/2025/08/cgv-editions-le-moniteur-20250807.pdf","0","","","","","","","","","","","","","","","","Indexable",""
"https://www.infopro-digital.com/app/uploads/sites/2/2025/08/cgv-moniteurjuris-20250807.pdf","0","","","","","","","","","","","","","","","","Indexable",""
"https://www.infopro-digital.com/app/uploads/sites/2/2025/08/cgv-kheox-20250807.pdf","0","","","","","","","","","","","","","","","","Indexable",""
"https://www.infopro-digital.com/terms-and-conditions/publishing-licence/","1147","154","7,448","61,127","Normal","","","","","","","","","","en-GB","e59f8c464b78571729027443d6747a64","Indexable",""
"https://www.infopro-digital.com/terms-and-conditions/in-house-e-learning/","3181","444","7,164","61,746","Normal","","","","","","","","","","en-GB","b4f3866dc19098134266d8d45eec5690","Indexable",""
"https://www.infopro-digital.com/terms-and-conditions/logo-licence/","413","65","6,354","76,251","Assez facile","","","","","","","","","","en-GB","c15e204254325d5eee14be65110659a6","Indexable",""
"https://www.infopro-digital.com/terms-and-conditions/central-banking-institute-membership/","5514","695","7,934","59,915","Assez difficile","","","","","","","","","","en-GB","ed6793110ec914350ee20e48b7f7f5cc","Indexable",""
"https://www.infopro-digital.com/terms-and-conditions/content-and-data-licence-terms-and-conditions/","5931","740","8,015","62,892","Normal","","","","","","","","","","en-GB","903b9d0b6500d0be64b44160dde72031","Indexable",""
"https://www.infopro-digital.com/terms-and-conditions/lead-generation/","825","123","6,707","68,974","Normal","","","","","","","","","","en-GB","1b20f51d758dd10af1998576a4ef851f","Indexable",""
"https://www.infopro-digital.com/terms-and-conditions/research-and-marketing-services/","2736","354","7,729","59,753","Assez difficile","","","","","","","","","","en-GB","18ca3c07faa9f0627ff866096d8dab20","Indexable",""
"https://www.infopro-digital.com/terms-and-conditions/digital-advertising/","5799","680","8,528","60,009","Normal","","","","","","","","","","en-GB","9a2157d5fe40828842f36f36afa02d2e","Indexable",""
"https://www.infopro-digital.com/terms-and-conditions/speaker-engagement/","1091","157","6,949","67,648","Normal","","","","","","","","","","en-GB","a3d3e72d60254fa4dc799193f8c90c83","Indexable",""
"https://www.infopro-digital.com/terms-and-conditions/sponsored-content-services/","3599","458","7,858","59,042","Assez difficile","","","","","","","","","","en-GB","343bcce036689b81125160a84ad1eefe","Indexable",""
"https://www.infopro-digital.com/terms-and-conditions/subscriptions/","4181","515","8,118","59,321","Assez difficile","","","","","","","","","","en-GB","a8a59e4d6cd9a5769de3367d603f52a9","Indexable",""
"https://www.infopro-digital.com/terms-and-conditions/creative-services/","2395","321","7,461","57,226","Assez difficile","","","","","","","","","","en-GB","34cfc3b3686a994692893887feb2030c","Indexable",""
"https://www.infopro-digital.com/terms-and-conditions/chartis-membership-terms-and-conditions/","3906","501","7,796","60,672","Normal","","","","","","","","","","en-GB","e24c8515661c168d37536075aa471bb5","Indexable",""
"https://www.infopro-digital.com/terms-and-conditions/webinar/","4075","497","8,199","61,907","Normal","","","","","","","","","","en-GB","665ff07a87281aa434d31ab89658537a","Indexable",""
"https://www.infopro-digital.com/terms-and-conditions/event-admission/","2668","329","8,109","73,226","Assez facile","","","","","","","","","","en-GB","61fbca8dded49b421a0df223c2535625","Indexable",""
"https://www.infopro-digital.com/terms-and-conditions/exhibitor-agreement/","3174","403","7,876","60,373","Normal","","","","","","","","","","en-GB","c9067d38085956d868b5c28083039ab5","Indexable",""
"https://www.infopro-digital.com/app/uploads/sites/2/2024/07/cgv-infopro-digital-etudes-07-2024-en.pdf","0","","","","","","","","","","","","","","","","Indexable",""
"https://www.infopro-digital.com/terms-and-conditions/sponsorship/","11529","1412","8,165","60,710","Normal","","","","","","","","","","en-GB","990cb1bca0f7b3990e89bb94e69d47ce","Indexable",""
"https://www.infopro-digital.com/app/uploads/sites/2/2025/10/cgv-service-ipd-leads-1510-2025-fr.pdf","0","","","","","","","","","","","","","","","","Indexable",""
"https://www.infopro-digital.com/app/uploads/sites/2/2024/07/cgv-ipdata-07-2024-en.pdf","0","","","","","","","","","","","","","","","","Indexable",""
"https://www.infopro-digital.com/app/uploads/sites/2/2025/08/cgv-editionsargus-20250807.pdf","0","","","","","","","","","","","","","","","","Indexable",""
"https://www.infopro-digital.com/terms-and-conditions/books/","2369","397","5,967","84,824","Facile","","","","","","","","","","en-GB","c7bf2c64b58f506688cf10964c109542","Indexable",""
"https://www.infopro-digital.com/app/uploads/sites/2/2025/12/cgv-territorial-editions-20251202.pdf","0","","","","","","","","","","","","","","","","Indexable",""
"https://www.infopro-digital.com/financial-contact-us/","165","29","5,690","62,111","Normal","","","","","","","","","","en-GB","bb4dc52e43818b60f436210e20b0af5b","Indexable",""
"https://www.infopro-digital.com/forgot-your-password-2/","47","12","3,917","57,060","Assez difficile","","","","","","","","","","en-GB","917ca6c8bc4dddbb7ffc7ce09e286328","Indexable",""
"https://www.infopro-digital.com/fr/carrieres/job-board/11637-mitarbeiter-m-w-d-personalabteilung/","805","155","5,194","47,917","Difficile","","","","","","","","","","fr-FR","f0b6b3328d4599957445d435a976beaa","Indexable",""
"https://www.infopro-digital.com/fr/carrieres/job-board/11635-head-of-client-and-sales-marketing/","983","153","6,425","39,204","Difficile","","","","","","","","","","fr-FR","9b5ad14b6399c34d54db948b775a64f5","Indexable",""
"https://www.infopro-digital.com/fr/carrieres/job-board/11584-charg-de-missions-it-f-h-x/","698","114","6,123","52,995","Assez difficile","","","","","","","","","","fr-FR","a3939b5a64dd104383b5b9a708d3346d","Indexable",""
"https://www.infopro-digital.com/fr/carrieres/job-board/11639-contract-administrator-m-f-d-sourcing-partnerships/","817","162","5,043","50,948","Assez difficile","","","","","","","","","","fr-FR","8b55f7fa35949da3f752dc7fb65735bc","Indexable",""
"https://www.infopro-digital.com/fr/carrieres/job-board/11554-product-manager-h-f-x/","891","128","6,961","54,307","Assez difficile","","","","","","","","","","fr-FR","38bf8bb6d6aaf430f98e69f558bade0a","Indexable",""
"https://www.infopro-digital.com/fr/carrieres/job-board/11371-acheteur-facility-management-et-mobilit-f-h-x/","819","121","6,769","53,077","Assez difficile","","","","","","","","","","fr-FR","92c3ca86a7db94a62d94bbf54a873a68","Indexable",""
"https://www.infopro-digital.com/fr/carrieres/job-board/11641-responsable-marketing-f-h-x/","866","132","6,561","47,876","Difficile","","","","","","","","","","fr-FR","36b61535825a8bac8c69aeada3ea10dc","Indexable",""
"https://www.infopro-digital.com/fr/carrieres/job-board/11630-charg-de-projet-logistique-f-h-x/","721","109","6,615","55,210","Assez difficile","","","","","","","","","","fr-FR","89781c6b888e60f07e591a888a2ff6af","Indexable",""
"https://www.infopro-digital.com/app/uploads/sites/2/2025/10/rapport-esg-infopro-digital-2024.pdf","0","","","","","","","","","","","","","","","","Indexable",""
"https://www.infopro-digital.com/fr/carrieres/job-board/11369-acheteur-service-f-h-x/","857","128","6,695","52,853","Assez difficile","","","","","","","","","","fr-FR","b9ddc7febfbaac701377c04804dcb875","Indexable",""
"https://www.infopro-digital.com/fr/carrieres/job-board/11616-credit-manager-pr-contentieux-international-f-h-x/","700","113","6,195","51,168","Assez difficile","","","","","","","","","","fr-FR","89076eadf7010769ee3bdda521942419","Indexable",""
"https://www.infopro-digital.com/fr/notre-politique-environnementale/","301","51","5,902","60,032","Normal","","","","","","","","","","fr-FR","81ed68d6ec425c1fd6acb7b2e89f7f07","Indexable",""
