"Adresse","Type de contenu","Code HTTP","Statut","Indexabilité","Statut d'indexabilité","Hachage","Longueur","Élément de lien en version canonique 1","Adresse codée en URL"
"https://www.oppy.ai/","text/html; charset=UTF-8","200","OK","Non indexable","Canonisé","1045b0e23ea147b19ecba5104c25d374","20","https://opportunity-crm.com/","https://www.oppy.ai/"
"https://www.oppy.ai/wp-content/plugins/kadence-blocks/includes/assets/js/kt-tabs.min.js?ver=3.5.11","application/javascript","200","OK","Indexable","","","98","","https://www.oppy.ai/wp-content/plugins/kadence-blocks/includes/assets/js/kt-tabs.min.js?ver=3.5.11"
"https://www.oppy.ai/wp-content/themes/kadence/assets/css/header.min.css?ver=1.2.26","text/css","200","OK","Indexable","","","82","","https://www.oppy.ai/wp-content/themes/kadence/assets/css/header.min.css?ver=1.2.26"
"https://www.oppy.ai/wp-content/plugins/kadence-blocks/includes/assets/js/popper.min.js?ver=3.5.11","application/javascript","200","OK","Indexable","","","97","","https://www.oppy.ai/wp-content/plugins/kadence-blocks/includes/assets/js/popper.min.js?ver=3.5.11"
"https://www.oppy.ai/wp-content/plugins/ultimate-addons-for-gutenberg/assets/js/uagb-button-child.min.js?ver=2.19.10","application/javascript","200","OK","Indexable","","","115","","https://www.oppy.ai/wp-content/plugins/ultimate-addons-for-gutenberg/assets/js/uagb-button-child.min.js?ver=2.19.10"
"https://www.oppy.ai/wp-content/plugins/ultimate-addons-for-gutenberg/assets/js/slick.min.js?ver=2.19.10","application/javascript","200","OK","Indexable","","","103","","https://www.oppy.ai/wp-content/plugins/ultimate-addons-for-gutenberg/assets/js/slick.min.js?ver=2.19.10"
"https://www.oppy.ai/wp-content/plugins/contact-form-7/includes/css/styles.css?ver=6.1","text/css","200","OK","Indexable","","","85","","https://www.oppy.ai/wp-content/plugins/contact-form-7/includes/css/styles.css?ver=6.1"
"https://www.oppy.ai/wp-content/plugins/kadence-blocks/includes/assets/js/kb-tippy.min.js?ver=3.5.11","application/javascript","200","OK","Indexable","","","99","","https://www.oppy.ai/wp-content/plugins/kadence-blocks/includes/assets/js/kb-tippy.min.js?ver=3.5.11"
"https://www.oppy.ai/wp-content/themes/kadence/assets/css/footer.min.css?ver=1.2.26","text/css","200","OK","Indexable","","","82","","https://www.oppy.ai/wp-content/themes/kadence/assets/css/footer.min.css?ver=1.2.26"
"https://www.oppy.ai/wp-content/themes/kadence-child/style.css?ver=bab062fd42cb01a60133b38393d88267","text/css","200","OK","Indexable","","","98","","https://www.oppy.ai/wp-content/themes/kadence-child/style.css?ver=bab062fd42cb01a60133b38393d88267"
"https://www.oppy.ai/wp-includes/js/jquery/jquery-migrate.min.js?ver=3.4.1","application/javascript","200","OK","Indexable","","","73","","https://www.oppy.ai/wp-includes/js/jquery/jquery-migrate.min.js?ver=3.4.1"
"https://www.oppy.ai/wp-content/themes/kadence/style.css?ver=bab062fd42cb01a60133b38393d88267","text/css","200","OK","Indexable","","","92","","https://www.oppy.ai/wp-content/themes/kadence/style.css?ver=bab062fd42cb01a60133b38393d88267"
"https://www.oppy.ai/wp-content/plugins/contact-form-7/includes/js/index.js?ver=6.1","application/javascript","200","OK","Indexable","","","82","","https://www.oppy.ai/wp-content/plugins/contact-form-7/includes/js/index.js?ver=6.1"
"https://www.oppy.ai/wp-content/plugins/wp-statistics/assets/js/tracker.js?ver=14.15.1","application/javascript","200","OK","Indexable","","","85","","https://www.oppy.ai/wp-content/plugins/wp-statistics/assets/js/tracker.js?ver=14.15.1"
"https://www.oppy.ai/wp-content/themes/kadence/assets/js/navigation.min.js?ver=1.2.26","application/javascript","200","OK","Indexable","","","84","","https://www.oppy.ai/wp-content/themes/kadence/assets/js/navigation.min.js?ver=1.2.26"
"https://www.oppy.ai/marketing/","text/html; charset=UTF-8","301","Moved Permanently","Non indexable","Redirigé","","30","","https://www.oppy.ai/marketing/"
"https://www.oppy.ai/agent-ia-vocal","text/html; charset=UTF-8","301","Moved Permanently","Non indexable","Redirigé","","34","","https://www.oppy.ai/agent-ia-vocal"
"https://www.oppy.ai/sms-email","text/html; charset=UTF-8","301","Moved Permanently","Non indexable","Redirigé","","29","","https://www.oppy.ai/sms-email"
"https://www.oppy.ai/wp-content/themes/kadence-child/css/audio-bar.css?ver=1.0.0","text/css","200","OK","Indexable","","","79","","https://www.oppy.ai/wp-content/themes/kadence-child/css/audio-bar.css?ver=1.0.0"
"https://www.oppy.ai/relation-clients","text/html; charset=UTF-8","301","Moved Permanently","Non indexable","Redirigé","","36","","https://www.oppy.ai/relation-clients"
"https://www.oppy.ai/allmysms","text/html; charset=UTF-8","301","Moved Permanently","Non indexable","Redirigé","","28","","https://www.oppy.ai/allmysms"
"https://www.oppy.ai/wp-content/plugins/contact-form-7/modules/recaptcha/index.js?ver=6.1","application/javascript","200","OK","Indexable","","","88","","https://www.oppy.ai/wp-content/plugins/contact-form-7/modules/recaptcha/index.js?ver=6.1"
"https://www.oppy.ai/wp-content/uploads/elementor/css/post-369.css?ver=1773673874","text/css","200","OK","Indexable","","","80","","https://www.oppy.ai/wp-content/uploads/elementor/css/post-369.css?ver=1773673874"
"https://www.oppy.ai/wp-content/themes/kadence-child/css/block-call-to-action.css?ver=1.0.0","text/css","200","OK","Indexable","","","90","","https://www.oppy.ai/wp-content/themes/kadence-child/css/block-call-to-action.css?ver=1.0.0"
"https://www.oppy.ai/wp-content/plugins/ultimate-addons-for-gutenberg/assets/css/spectra-block-positioning.min.css?ver=2.19.10","text/css","200","OK","Indexable","","","125","","https://www.oppy.ai/wp-content/plugins/ultimate-addons-for-gutenberg/assets/css/spectra-block-positioning.min.css?ver=2.19.10"
"https://www.oppy.ai/wp-content/plugins/kadence-blocks/dist/style-blocks-rowlayout.css?ver=3.5.11","text/css","200","OK","Indexable","","","96","","https://www.oppy.ai/wp-content/plugins/kadence-blocks/dist/style-blocks-rowlayout.css?ver=3.5.11"
"https://www.oppy.ai/wp-content/uploads/uag-plugin/assets/0/uag-js-8.js?ver=1774194342","application/javascript","200","OK","Indexable","","","85","","https://www.oppy.ai/wp-content/uploads/uag-plugin/assets/0/uag-js-8.js?ver=1774194342"
"https://www.oppy.ai/wp-content/themes/kadence/assets/css/content.min.css?ver=1.2.26","text/css","200","OK","Indexable","","","83","","https://www.oppy.ai/wp-content/themes/kadence/assets/css/content.min.css?ver=1.2.26"
"https://www.oppy.ai/wp-content/plugins/kadence-blocks/dist/style-blocks-advancedbtn.css?ver=3.5.11","text/css","200","OK","Indexable","","","98","","https://www.oppy.ai/wp-content/plugins/kadence-blocks/dist/style-blocks-advancedbtn.css?ver=3.5.11"
"https://www.oppy.ai/contact/","text/html; charset=UTF-8","301","Moved Permanently","Non indexable","Redirigé","","28","","https://www.oppy.ai/contact/"
"https://www.oppy.ai/notre-plateforme","text/html; charset=UTF-8","301","Moved Permanently","Non indexable","Redirigé","","36","","https://www.oppy.ai/notre-plateforme"
"https://www.oppy.ai/rcs/","text/html; charset=UTF-8","301","Moved Permanently","Non indexable","Redirigé","","24","","https://www.oppy.ai/rcs/"
"https://www.oppy.ai/rcs-message","text/html; charset=UTF-8","301","Moved Permanently","Non indexable","Redirigé","","31","","https://www.oppy.ai/rcs-message"
"https://www.oppy.ai/wp-content/themes/kadence/assets/css/global.min.css?ver=1.2.26","text/css","200","OK","Indexable","","","82","","https://www.oppy.ai/wp-content/themes/kadence/assets/css/global.min.css?ver=1.2.26"
"https://www.oppy.ai/wp-content/plugins/ultimate-addons-for-gutenberg/assets/js/isotope.min.js?ver=2.19.10","application/javascript","200","OK","Indexable","","","105","","https://www.oppy.ai/wp-content/plugins/ultimate-addons-for-gutenberg/assets/js/isotope.min.js?ver=2.19.10"
"https://www.oppy.ai/wp-content/themes/kadence-child/js/cookie-banner.js?ver=1742804641","application/javascript","200","OK","Indexable","","","86","","https://www.oppy.ai/wp-content/themes/kadence-child/js/cookie-banner.js?ver=1742804641"
"https://www.oppy.ai/contact","text/html; charset=UTF-8","301","Moved Permanently","Non indexable","Redirigé","","27","","https://www.oppy.ai/contact"
"https://www.oppy.ai/wp-content/themes/kadence-child/js/contact-form-country.js?ver=1743764502","application/javascript","200","OK","Indexable","","","93","","https://www.oppy.ai/wp-content/themes/kadence-child/js/contact-form-country.js?ver=1743764502"
"https://www.oppy.ai/wp-content/plugins/gutenberg/build/block-library/style.css?ver=21.0.0","text/css","200","OK","Indexable","","","89","","https://www.oppy.ai/wp-content/plugins/gutenberg/build/block-library/style.css?ver=21.0.0"
"https://www.oppy.ai/qui-sommes-nous","text/html; charset=UTF-8","301","Moved Permanently","Non indexable","Redirigé","","35","","https://www.oppy.ai/qui-sommes-nous"
"https://www.oppy.ai/gestion-des-cookies/","text/html; charset=UTF-8","200","OK","Non indexable","Canonisé","f699c312591afbf4446f902dae2e1e4c","40","https://oppycx.com/gestion-des-cookies/","https://www.oppy.ai/gestion-des-cookies/"
"https://www.oppy.ai/wp-content/themes/kadence-child/js/custom-header.js","application/javascript","200","OK","Indexable","","","71","","https://www.oppy.ai/wp-content/themes/kadence-child/js/custom-header.js"
"https://www.oppy.ai/wp-content/plugins/ultimate-addons-for-gutenberg/assets/js/imagesloaded.min.js?ver=2.19.10","application/javascript","200","OK","Indexable","","","110","","https://www.oppy.ai/wp-content/plugins/ultimate-addons-for-gutenberg/assets/js/imagesloaded.min.js?ver=2.19.10"
"https://www.oppy.ai/wp-content/plugins/ultimate-addons-for-gutenberg/assets/css/slick.min.css?ver=2.19.10","text/css","200","OK","Indexable","","","105","","https://www.oppy.ai/wp-content/plugins/ultimate-addons-for-gutenberg/assets/css/slick.min.css?ver=2.19.10"
"https://www.oppy.ai/wp-content/plugins/kadence-blocks/dist/style-blocks-infobox.css?ver=3.5.11","text/css","200","OK","Indexable","","","94","","https://www.oppy.ai/wp-content/plugins/kadence-blocks/dist/style-blocks-infobox.css?ver=3.5.11"
"https://www.oppy.ai/wp-includes/js/dist/vendor/wp-polyfill.min.js?ver=3.15.0","application/javascript","200","OK","Indexable","","","76","","https://www.oppy.ai/wp-includes/js/dist/vendor/wp-polyfill.min.js?ver=3.15.0"
"https://www.oppy.ai/wp-content/plugins/ultimate-addons-for-gutenberg/assets/js/image-gallery.min.js?ver=2.19.10","application/javascript","200","OK","Indexable","","","111","","https://www.oppy.ai/wp-content/plugins/ultimate-addons-for-gutenberg/assets/js/image-gallery.min.js?ver=2.19.10"
"https://www.oppy.ai/wp-includes/js/jquery/jquery.min.js?ver=3.7.1","application/javascript","200","OK","Indexable","","","65","","https://www.oppy.ai/wp-includes/js/jquery/jquery.min.js?ver=3.7.1"
"https://www.oppy.ai/wp-content/plugins/ultimate-addons-for-gutenberg/assets/js/spectra-block-positioning.min.js?ver=2.19.10","application/javascript","200","OK","Indexable","","","123","","https://www.oppy.ai/wp-content/plugins/ultimate-addons-for-gutenberg/assets/js/spectra-block-positioning.min.js?ver=2.19.10"
"https://www.oppy.ai/wp-content/plugins/ultimate-addons-for-gutenberg/assets/js/swiper-bundle.min.js?ver=2.19.10","application/javascript","200","OK","Indexable","","","111","","https://www.oppy.ai/wp-content/plugins/ultimate-addons-for-gutenberg/assets/js/swiper-bundle.min.js?ver=2.19.10"
"https://www.oppy.ai/rcs-cas-usage","text/html; charset=UTF-8","301","Moved Permanently","Non indexable","Redirigé","","33","","https://www.oppy.ai/rcs-cas-usage"
"https://www.oppy.ai/retention-et-paiement","text/html; charset=UTF-8","301","Moved Permanently","Non indexable","Redirigé","","41","","https://www.oppy.ai/retention-et-paiement"
"https://www.oppy.ai/wp-content/plugins/contact-form-7/includes/swv/js/index.js?ver=6.1","application/javascript","200","OK","Indexable","","","86","","https://www.oppy.ai/wp-content/plugins/contact-form-7/includes/swv/js/index.js?ver=6.1"
"https://www.oppy.ai/wp-content/plugins/elementor/assets/css/frontend.min.css?ver=3.35.6","text/css","200","OK","Indexable","","","87","","https://www.oppy.ai/wp-content/plugins/elementor/assets/css/frontend.min.css?ver=3.35.6"
"https://www.oppy.ai/wp-content/plugins/kadence-blocks/dist/style-blocks-tabs.css?ver=3.5.11","text/css","200","OK","Indexable","","","91","","https://www.oppy.ai/wp-content/plugins/kadence-blocks/dist/style-blocks-tabs.css?ver=3.5.11"
"https://www.oppy.ai/wp-content/plugins/kadence-blocks/dist/style-blocks-image.css?ver=3.5.11","text/css","200","OK","Indexable","","","92","","https://www.oppy.ai/wp-content/plugins/kadence-blocks/dist/style-blocks-image.css?ver=3.5.11"
"https://www.oppy.ai/wp-content/plugins/kadence-blocks/dist/style-blocks-column.css?ver=3.5.11","text/css","200","OK","Indexable","","","93","","https://www.oppy.ai/wp-content/plugins/kadence-blocks/dist/style-blocks-column.css?ver=3.5.11"
"https://www.oppy.ai/wp-content/themes/kadence-child/images/logo-opportunity-rvb.png","image/png","200","OK","Indexable","","","83","","https://www.oppy.ai/wp-content/themes/kadence-child/images/logo-opportunity-rvb.png"
"https://www.oppy.ai/videobot","text/html; charset=UTF-8","301","Moved Permanently","Non indexable","Redirigé","","28","","https://www.oppy.ai/videobot"
"https://www.oppy.ai/wp-content/uploads/uag-plugin/assets/0/uag-css-8.css?ver=1774194342","text/css","200","OK","Indexable","","","87","","https://www.oppy.ai/wp-content/uploads/uag-plugin/assets/0/uag-css-8.css?ver=1774194342"
"https://www.oppy.ai/module-rendez-vous","text/html; charset=UTF-8","301","Moved Permanently","Non indexable","Redirigé","","38","","https://www.oppy.ai/module-rendez-vous"
"https://www.oppy.ai/acquisition","text/html; charset=UTF-8","301","Moved Permanently","Non indexable","Redirigé","","31","","https://www.oppy.ai/acquisition"
"https://www.oppy.ai/relation-clients/","text/html; charset=UTF-8","200","OK","Non indexable","Canonisé","44ee557102e5a6caad057024459ce1d","37","https://oppycx.com/relation-clients/","https://www.oppy.ai/relation-clients/"
"https://www.oppy.ai/blog","text/html; charset=UTF-8","301","Moved Permanently","Non indexable","Redirigé","","24","","https://www.oppy.ai/blog"
"https://www.oppy.ai/retention-et-paiement/","text/html; charset=UTF-8","200","OK","Non indexable","Canonisé","16f1979015e6f50a24c0643ae0346f75","42","https://oppycx.com/retention-et-paiement/","https://www.oppy.ai/retention-et-paiement/"
"https://www.oppy.ai/wp-content/themes/kadence-child/css/cookie-banner.css?ver=1742804641","text/css","200","OK","Indexable","","","88","","https://www.oppy.ai/wp-content/themes/kadence-child/css/cookie-banner.css?ver=1742804641"
"https://www.oppy.ai/signature-vocale","text/html; charset=UTF-8","301","Moved Permanently","Non indexable","Redirigé","","36","","https://www.oppy.ai/signature-vocale"
"https://www.oppy.ai/wp-content/themes/kadence-child/js/audio-bar.js?ver=1.0.0","application/javascript","200","OK","Indexable","","","77","","https://www.oppy.ai/wp-content/themes/kadence-child/js/audio-bar.js?ver=1.0.0"
"https://www.oppy.ai/wp-content/plugins/gutenberg/build/i18n/index.min.js?ver=bd5a2533e717a1043151","application/javascript","200","OK","Indexable","","","97","","https://www.oppy.ai/wp-content/plugins/gutenberg/build/i18n/index.min.js?ver=bd5a2533e717a1043151"
"https://www.oppy.ai/touch-and-pay","text/html; charset=UTF-8","301","Moved Permanently","Non indexable","Redirigé","","33","","https://www.oppy.ai/touch-and-pay"
"https://www.oppy.ai/wp-content/plugins/gutenberg/build/hooks/index.min.js?ver=84e753e2b66eb7028d38","application/javascript","200","OK","Indexable","","","98","","https://www.oppy.ai/wp-content/plugins/gutenberg/build/hooks/index.min.js?ver=84e753e2b66eb7028d38"
"https://www.oppy.ai/mentions-legales/","text/html; charset=UTF-8","200","OK","Non indexable","Canonisé","939f8491977484fe2f9fb592cf49be92","37","https://oppy.ai/mentions-legales/","https://www.oppy.ai/mentions-legales/"
"https://www.oppy.ai/wp-content/plugins/ultimate-addons-for-gutenberg/assets/css/swiper-bundle.min.css?ver=2.19.10","text/css","200","OK","Indexable","","","113","","https://www.oppy.ai/wp-content/plugins/ultimate-addons-for-gutenberg/assets/css/swiper-bundle.min.css?ver=2.19.10"
"https://www.oppy.ai/contactez-nous","text/html; charset=UTF-8","301","Moved Permanently","Non indexable","Redirigé","","34","","https://www.oppy.ai/contactez-nous"
"https://www.oppy.ai/wp-content/uploads/uag-plugin/assets/0/uag-css-80.css?ver=1774194372","text/css","200","OK","Indexable","","","88","","https://www.oppy.ai/wp-content/uploads/uag-plugin/assets/0/uag-css-80.css?ver=1774194372"
"https://www.oppy.ai/wp-content/uploads/2024/12/image-17.png","image/png","200","OK","Indexable","","","59","","https://www.oppy.ai/wp-content/uploads/2024/12/image-17.png"
"https://www.oppy.ai/wp-content/uploads/2024/12/image-19.png","image/png","200","OK","Indexable","","","59","","https://www.oppy.ai/wp-content/uploads/2024/12/image-19.png"
"https://www.oppy.ai/mentions-legales/allmysms","text/html; charset=UTF-8","301","Moved Permanently","Non indexable","Redirigé","","45","","https://www.oppy.ai/mentions-legales/allmysms"
"https://www.oppy.ai/wp-content/uploads/uag-plugin/assets/0/uag-css-328.css?ver=1774194371","text/css","200","OK","Indexable","","","89","","https://www.oppy.ai/wp-content/uploads/uag-plugin/assets/0/uag-css-328.css?ver=1774194371"
"https://www.oppy.ai/retention-et-paiement/allmysms","text/html; charset=UTF-8","301","Moved Permanently","Non indexable","Redirigé","","50","","https://www.oppy.ai/retention-et-paiement/allmysms"
"https://www.oppy.ai/wp-content/uploads/uag-plugin/assets/0/uag-js-328.js?ver=1774194371","application/javascript","200","OK","Indexable","","","87","","https://www.oppy.ai/wp-content/uploads/uag-plugin/assets/0/uag-js-328.js?ver=1774194371"
"https://www.oppy.ai/politique-de-confidentialite/","text/html; charset=UTF-8","200","OK","Non indexable","Canonisé","768fcf9a69baefbb96715a1c7df69695","49","https://oppycx.fr/politique-de-confidentialite/","https://www.oppy.ai/politique-de-confidentialite/"
"https://www.oppy.ai/wp-content/uploads/2024/12/image-16.png","image/png","200","OK","Indexable","","","59","","https://www.oppy.ai/wp-content/uploads/2024/12/image-16.png"
"https://oppy.ai/mentions-legales/","text/html; charset=UTF-8","200","OK","Indexable","","2d4f4864ff575430341c50747a312d14","33","https://oppy.ai/mentions-legales/","https://oppy.ai/mentions-legales/"
"https://www.oppy.ai/signature-vocale/","text/html; charset=UTF-8","200","OK","Non indexable","Canonisé","1a45286974e93fe1b3d8be05c01b63dd","37","https://oppycx.com/signature-vocale/","https://www.oppy.ai/signature-vocale/"
"https://www.oppy.ai/wp-content/uploads/uag-plugin/assets/0/uag-css-82.css?ver=1774194373","text/css","200","OK","Indexable","","","88","","https://www.oppy.ai/wp-content/uploads/uag-plugin/assets/0/uag-css-82.css?ver=1774194373"
"https://www.oppy.ai/wp-content/uploads/2024/12/image-18.png","image/png","200","OK","Indexable","","","59","","https://www.oppy.ai/wp-content/uploads/2024/12/image-18.png"
"https://www.oppy.ai/politique-de-confidentialite/allmysms","text/html; charset=UTF-8","301","Moved Permanently","Non indexable","Redirigé","","57","","https://www.oppy.ai/politique-de-confidentialite/allmysms"
"https://www.oppy.ai/wp-content/uploads/2024/12/image-20.png","image/png","200","OK","Indexable","","","59","","https://www.oppy.ai/wp-content/uploads/2024/12/image-20.png"
"https://www.oppy.ai/wp-content/uploads/2024/12/image-21-1024x576.png","image/png","200","OK","Indexable","","","68","","https://www.oppy.ai/wp-content/uploads/2024/12/image-21-1024x576.png"
"https://www.oppy.ai/wp-content/uploads/uag-plugin/assets/0/uag-js-324.js?ver=1774194371","application/javascript","200","OK","Indexable","","","87","","https://www.oppy.ai/wp-content/uploads/uag-plugin/assets/0/uag-js-324.js?ver=1774194371"
"https://www.oppy.ai/wp-content/uploads/uag-plugin/assets/0/uag-css-324.css?ver=1774194371","text/css","200","OK","Indexable","","","89","","https://www.oppy.ai/wp-content/uploads/uag-plugin/assets/0/uag-css-324.css?ver=1774194371"
"https://www.oppy.ai/wp-content/uploads/2024/12/image-40-e1733998247615.png","image/png","200","OK","Indexable","","","74","","https://www.oppy.ai/wp-content/uploads/2024/12/image-40-e1733998247615.png"
"https://www.oppy.ai/wp-content/uploads/2024/12/image-35-e1733992939984.png","image/png","200","OK","Indexable","","","74","","https://www.oppy.ai/wp-content/uploads/2024/12/image-35-e1733992939984.png"
"https://www.oppy.ai/wp-content/uploads/2024/12/image-36-e1733993135819.png","image/png","200","OK","Indexable","","","74","","https://www.oppy.ai/wp-content/uploads/2024/12/image-36-e1733993135819.png"
"https://www.oppy.ai/wp-content/uploads/2024/12/image-39-e1733997617404.png","image/png","200","OK","Indexable","","","74","","https://www.oppy.ai/wp-content/uploads/2024/12/image-39-e1733997617404.png"
"https://www.oppy.ai/relation-clients/allmysms","text/html; charset=UTF-8","301","Moved Permanently","Non indexable","Redirigé","","45","","https://www.oppy.ai/relation-clients/allmysms"
"https://www.oppy.ai/wp-content/uploads/2024/12/image-37-e1733993322768.png","image/png","200","OK","Indexable","","","74","","https://www.oppy.ai/wp-content/uploads/2024/12/image-37-e1733993322768.png"
"https://www.oppy.ai/wp-content/uploads/2024/12/relation.png","image/png","200","OK","Indexable","","","59","","https://www.oppy.ai/wp-content/uploads/2024/12/relation.png"
"https://www.oppy.ai/quality-monitoring/","text/html; charset=UTF-8","301","Moved Permanently","Non indexable","Redirigé","","39","","https://www.oppy.ai/quality-monitoring/"
"https://www.oppy.ai/blog/","text/html; charset=UTF-8","200","OK","Non indexable","Canonisé","9fad9c142dd0527f2efa07436c4df4b3","25","https://www.opportunity-crm.com/blog/","https://www.oppy.ai/blog/"
"https://www.oppy.ai/touch-and-pay/","text/html; charset=UTF-8","200","OK","Non indexable","Canonisé","e1e9f91e315f2dcd2a79ecf2b5d69004","34","https://oppycx.com/touch-and-pay/","https://www.oppy.ai/touch-and-pay/"
"https://www.oppy.ai/acquisition/","text/html; charset=UTF-8","200","OK","Non indexable","Canonisé","9bf77b64bb4c581d9a73dcbf5df1f06d","32","https://opportunity-crm.com/acquisition/","https://www.oppy.ai/acquisition/"
"https://www.oppy.ai/wp-content/plugins/kadence-blocks/dist/style-blocks-iconlist.css?ver=3.5.11","text/css","200","OK","Indexable","","","95","","https://www.oppy.ai/wp-content/plugins/kadence-blocks/dist/style-blocks-iconlist.css?ver=3.5.11"
"https://www.oppy.ai/wp-content/uploads/uag-plugin/assets/0/uag-css-84.css?ver=1774194369","text/css","200","OK","Indexable","","","88","","https://www.oppy.ai/wp-content/uploads/uag-plugin/assets/0/uag-css-84.css?ver=1774194369"
"https://www.oppy.ai/module-rendez-vous/","text/html; charset=UTF-8","200","OK","Non indexable","Canonisé","def9a8c09bbea87e6527f73ac558286a","39","https://oppycx.com/module-rendez-vous/","https://www.oppy.ai/module-rendez-vous/"
"https://www.oppy.ai/rcs-cas-usage/","text/html; charset=UTF-8","200","OK","Indexable","","8e8af61399790ae95c3b2271b623fdd9","34","https://www.oppy.ai/rcs-cas-usage/","https://www.oppy.ai/rcs-cas-usage/"
"https://www.oppy.ai/gestion-des-cookies/allmysms","text/html; charset=UTF-8","301","Moved Permanently","Non indexable","Redirigé","","48","","https://www.oppy.ai/gestion-des-cookies/allmysms"
"https://www.oppy.ai/videobot/","text/html; charset=UTF-8","200","OK","Non indexable","Canonisé","63fce5488e3d7bbea1488339702f3ae8","29","https://oppycx.com/videobot/","https://www.oppy.ai/videobot/"
"https://www.oppy.ai/qui-sommes-nous/","text/html; charset=UTF-8","200","OK","Non indexable","Canonisé","a7730bf64ac113d0fa0ca51535ec4d5","36","https://www.oppycx.com/qui-sommes-nous/","https://www.oppy.ai/qui-sommes-nous/"
"https://www.oppy.ai/rcs-acquisition/","text/html; charset=UTF-8","200","OK","Non indexable","Canonisé","2437b92cccee6ea595c2e8979733876c","36","https://opportunity-crm.com/rcs-acquisition/","https://www.oppy.ai/rcs-acquisition/"
"https://www.oppy.ai/rcs-message/","text/html; charset=UTF-8","200","OK","Non indexable","Canonisé","e957d21671e861beae4d58b4cefb590b","32","https://opportunity-crm.com/rcs-message/","https://www.oppy.ai/rcs-message/"
"https://www.oppy.ai/contactez-nous/","text/html; charset=UTF-8","200","OK","Non indexable","Canonisé","6a7f0769fb4454e3861a900321c6c83d","35","https://opportunity-crm.com/contactez-nous/","https://www.oppy.ai/contactez-nous/"
"https://www.oppy.ai/notre-plateforme/","text/html; charset=UTF-8","200","OK","Indexable","","441be9da1a3bf94baf0bb8016cd45ba1","37","https://www.oppy.ai/notre-plateforme/","https://www.oppy.ai/notre-plateforme/"
"https://www.oppy.ai/wp-content/plugins/kadence-blocks/dist/style-blocks-accordion.css?ver=3.5.11","text/css","200","OK","Indexable","","","96","","https://www.oppy.ai/wp-content/plugins/kadence-blocks/dist/style-blocks-accordion.css?ver=3.5.11"
"https://www.oppy.ai/wp-content/uploads/uag-plugin/assets/0/uag-js-337.js?ver=1774194376","application/javascript","200","OK","Indexable","","","87","","https://www.oppy.ai/wp-content/uploads/uag-plugin/assets/0/uag-js-337.js?ver=1774194376"
"https://www.oppy.ai/allmysms/","text/html; charset=UTF-8","200","OK","Non indexable","Canonisé","be57f263f68901d445ce5221866235df","29","https://oppycx.fr/allmysms/","https://www.oppy.ai/allmysms/"
"https://www.oppy.ai/wp-content/uploads/uag-plugin/assets/0/uag-js-322.js?ver=1774194377","application/javascript","200","OK","Indexable","","","87","","https://www.oppy.ai/wp-content/uploads/uag-plugin/assets/0/uag-js-322.js?ver=1774194377"
"https://www.oppy.ai/sms-email/","text/html; charset=UTF-8","200","OK","Non indexable","Canonisé","9a1239ad4c5f0e086d2974b6741f4293","30","https://oppycx.com/sms-email/","https://www.oppy.ai/sms-email/"
"https://www.oppy.ai/notre-plateforme/allmysms","text/html; charset=UTF-8","301","Moved Permanently","Non indexable","Redirigé","","45","","https://www.oppy.ai/notre-plateforme/allmysms"
"https://www.oppy.ai/marketing-conversationnel/","text/html; charset=UTF-8","200","OK","Indexable","","1d7ec4650d1f80c528bd5260a0194d89","46","https://www.oppy.ai/marketing-conversationnel/","https://www.oppy.ai/marketing-conversationnel/"
"https://www.oppy.ai/allmysms/allmysms","text/html; charset=UTF-8","301","Moved Permanently","Non indexable","Redirigé","","37","","https://www.oppy.ai/allmysms/allmysms"
"https://www.oppy.ai/sms-email/allmysms","text/html; charset=UTF-8","301","Moved Permanently","Non indexable","Redirigé","","38","","https://www.oppy.ai/sms-email/allmysms"
"https://www.oppy.ai/agent-ia-vocal/","text/html; charset=UTF-8","200","OK","Non indexable","Canonisé","68952f6c889c0f96c1c54fc99e64ff16","35","https://www.oppycx.com/agent-ia-vocal/","https://www.oppy.ai/agent-ia-vocal/"
"https://www.oppy.ai/wp-content/uploads/uag-plugin/assets/2000/uag-css-2060.css?ver=1774194377","text/css","200","OK","Indexable","","","93","","https://www.oppy.ai/wp-content/uploads/uag-plugin/assets/2000/uag-css-2060.css?ver=1774194377"
"https://www.oppy.ai/wp-content/uploads/uag-plugin/assets/2000/uag-js-2060.js?ver=1774194377","application/javascript","200","OK","Indexable","","","91","","https://www.oppy.ai/wp-content/uploads/uag-plugin/assets/2000/uag-js-2060.js?ver=1774194377"
"https://www.oppy.ai/marketing-conversationnel/allmysms","text/html; charset=UTF-8","301","Moved Permanently","Non indexable","Redirigé","","54","","https://www.oppy.ai/marketing-conversationnel/allmysms"
"https://www.oppy.ai/agent-ia-vocal/allmysms","text/html; charset=UTF-8","301","Moved Permanently","Non indexable","Redirigé","","43","","https://www.oppy.ai/agent-ia-vocal/allmysms"
"https://www.oppy.ai/wp-content/uploads/uag-plugin/assets/6000/uag-css-6463.css?ver=1774194378","text/css","200","OK","Indexable","","","93","","https://www.oppy.ai/wp-content/uploads/uag-plugin/assets/6000/uag-css-6463.css?ver=1774194378"
"https://www.oppy.ai/wp-content/uploads/uag-plugin/assets/2000/uag-js-2095.js?ver=1774194377","application/javascript","200","OK","Indexable","","","91","","https://www.oppy.ai/wp-content/uploads/uag-plugin/assets/2000/uag-js-2095.js?ver=1774194377"
"https://www.oppy.ai/wp-content/uploads/uag-plugin/assets/2000/uag-css-2095.css?ver=1774194377","text/css","200","OK","Indexable","","","93","","https://www.oppy.ai/wp-content/uploads/uag-plugin/assets/2000/uag-css-2095.css?ver=1774194377"
"https://www.oppy.ai/wp-content/uploads/uag-plugin/assets/0/uag-css-322.css?ver=1774194377","text/css","200","OK","Indexable","","","89","","https://www.oppy.ai/wp-content/uploads/uag-plugin/assets/0/uag-css-322.css?ver=1774194377"
"https://www.oppy.ai/agent-ia-vocal-taux-contact/","text/html; charset=UTF-8","200","OK","Indexable","","559cb2a84f3e8b745a00afced1b99cd5","48","https://www.oppy.ai/agent-ia-vocal-taux-contact/","https://www.oppy.ai/agent-ia-vocal-taux-contact/"
"https://www.oppy.ai/wp-content/plugins/kadence-blocks/includes/assets/js/kt-accordion.min.js?ver=3.5.11","application/javascript","200","OK","Indexable","","","103","","https://www.oppy.ai/wp-content/plugins/kadence-blocks/includes/assets/js/kt-accordion.min.js?ver=3.5.11"
"https://www.oppy.ai/wp-content/uploads/uag-plugin/assets/0/uag-css-337.css?ver=1774194376","text/css","200","OK","Indexable","","","89","","https://www.oppy.ai/wp-content/uploads/uag-plugin/assets/0/uag-css-337.css?ver=1774194376"
"https://www.oppy.ai/wp-content/uploads/uag-plugin/assets/0/uag-css-341.css?ver=1774194377","text/css","200","OK","Indexable","","","89","","https://www.oppy.ai/wp-content/uploads/uag-plugin/assets/0/uag-css-341.css?ver=1774194377"
"https://www.oppy.ai/wp-content/plugins/ultimate-addons-for-gutenberg/assets/js/modal.min.js?ver=2.19.10","application/javascript","200","OK","Indexable","","","103","","https://www.oppy.ai/wp-content/plugins/ultimate-addons-for-gutenberg/assets/js/modal.min.js?ver=2.19.10"
"https://www.oppy.ai/rcs-vs-sms/","text/html; charset=UTF-8","200","OK","Indexable","","e1ef55486e6f7dc8bef1946efe4eb401","31","https://www.oppy.ai/rcs-vs-sms/","https://www.oppy.ai/rcs-vs-sms/"
"https://www.oppy.ai/wp-content/uploads/uag-plugin/assets/0/uag-js-341.js?ver=1774194377","application/javascript","200","OK","Indexable","","","87","","https://www.oppy.ai/wp-content/uploads/uag-plugin/assets/0/uag-js-341.js?ver=1774194377"
"https://www.oppy.ai/wp-content/uploads/2024/11/Group-51.png","image/png","200","OK","Indexable","","","59","","https://www.oppy.ai/wp-content/uploads/2024/11/Group-51.png"
"https://www.oppy.ai/wp-content/uploads/uag-plugin/assets/2000/uag-js-2065.js?ver=1774194376","application/javascript","200","OK","Indexable","","","91","","https://www.oppy.ai/wp-content/uploads/uag-plugin/assets/2000/uag-js-2065.js?ver=1774194376"
"https://www.oppy.ai/contactez-nous/allmysms","text/html; charset=UTF-8","301","Moved Permanently","Non indexable","Redirigé","","43","","https://www.oppy.ai/contactez-nous/allmysms"
"https://www.oppy.ai/wp-content/uploads/uag-plugin/assets/2000/uag-css-2065.css?ver=1774194376","text/css","200","OK","Indexable","","","93","","https://www.oppy.ai/wp-content/uploads/uag-plugin/assets/2000/uag-css-2065.css?ver=1774194376"
"https://www.oppy.ai/rcs-message/allmysms","text/html; charset=UTF-8","301","Moved Permanently","Non indexable","Redirigé","","40","","https://www.oppy.ai/rcs-message/allmysms"
"https://www.oppy.ai/rcs-essai-gratuit/","text/html; charset=UTF-8","200","OK","Non indexable","Canonisé","ea9443b2ad7cbab0fce5400849137188","38","https://opportunity-crm.com/rcs-essai-gratuit/","https://www.oppy.ai/rcs-essai-gratuit/"
"https://www.oppy.ai/rcs-demo/","text/html; charset=UTF-8","200","OK","Indexable","","1b2e46e099caf574dd6d768d83360cf6","29","https://www.oppy.ai/rcs-demo/","https://www.oppy.ai/rcs-demo/"
"https://www.oppy.ai/wp-content/plugins/kadence-blocks/includes/assets/js/kb-table-of-contents.min.js?ver=3.5.11","application/javascript","200","OK","Indexable","","","111","","https://www.oppy.ai/wp-content/plugins/kadence-blocks/includes/assets/js/kb-table-of-contents.min.js?ver=3.5.11"
"https://www.oppy.ai/wp-content/plugins/kadence-blocks/dist/style-blocks-tableofcontents.css?ver=3.5.11","text/css","200","OK","Indexable","","","102","","https://www.oppy.ai/wp-content/plugins/kadence-blocks/dist/style-blocks-tableofcontents.css?ver=3.5.11"
"https://www.oppy.ai/category/categorie-acquisition/","text/html; charset=UTF-8","200","OK","Non indexable","Canonisé","84be4e970bf2fb62e0be7eb7b9e0267f","51","https://oppy.ai/category/categorie-acquisition/","https://www.oppy.ai/category/categorie-acquisition/"
"https://www.oppy.ai/wp-content/uploads/uag-plugin/assets/7000/uag-css-7154.css?ver=1774194376","text/css","200","OK","Indexable","","","93","","https://www.oppy.ai/wp-content/uploads/uag-plugin/assets/7000/uag-css-7154.css?ver=1774194376"
"https://www.oppy.ai/rcs-acquisition/allmysms","text/html; charset=UTF-8","301","Moved Permanently","Non indexable","Redirigé","","44","","https://www.oppy.ai/rcs-acquisition/allmysms"
"https://www.oppy.ai/wp-content/uploads/uag-plugin/assets/0/uag-css-339.css?ver=1774194376","text/css","200","OK","Indexable","","","89","","https://www.oppy.ai/wp-content/uploads/uag-plugin/assets/0/uag-css-339.css?ver=1774194376"
"https://www.oppy.ai/wp-content/uploads/uag-plugin/assets/0/uag-js-339.js?ver=1774194376","application/javascript","200","OK","Indexable","","","87","","https://www.oppy.ai/wp-content/uploads/uag-plugin/assets/0/uag-js-339.js?ver=1774194376"
"https://www.oppy.ai/leviers-outbound-marketing/","text/html; charset=UTF-8","200","OK","Non indexable","Canonisé","7c57e349413bd789a983503082cf7dd3","47","https://opportunity-crm.com/leviers-outbound-marketing/","https://www.oppy.ai/leviers-outbound-marketing/"
"https://www.oppy.ai/rcs-vs-whatsapp/","text/html; charset=UTF-8","200","OK","Indexable","","141577ba5976fcc09e16b1128944a555","36","https://www.oppy.ai/rcs-vs-whatsapp/","https://www.oppy.ai/rcs-vs-whatsapp/"
"https://www.oppy.ai/wp-content/uploads/uag-plugin/assets/2000/uag-js-2118.js?ver=1774194375","application/javascript","200","OK","Indexable","","","91","","https://www.oppy.ai/wp-content/uploads/uag-plugin/assets/2000/uag-js-2118.js?ver=1774194375"
"https://www.oppy.ai/wp-content/plugins/kadence-blocks/dist/style-blocks-spacer.css?ver=3.5.11","text/css","200","OK","Indexable","","","93","","https://www.oppy.ai/wp-content/plugins/kadence-blocks/dist/style-blocks-spacer.css?ver=3.5.11"
"https://www.oppy.ai/wp-content/uploads/uag-plugin/assets/2000/uag-css-2118.css?ver=1774194375","text/css","200","OK","Indexable","","","93","","https://www.oppy.ai/wp-content/uploads/uag-plugin/assets/2000/uag-css-2118.css?ver=1774194375"
"https://www.oppy.ai/wp-content/uploads/uag-plugin/assets/5000/uag-css-5175.css?ver=1774194375","text/css","200","OK","Indexable","","","93","","https://www.oppy.ai/wp-content/uploads/uag-plugin/assets/5000/uag-css-5175.css?ver=1774194375"
"https://www.oppy.ai/qui-sommes-nous/allmysms","text/html; charset=UTF-8","301","Moved Permanently","Non indexable","Redirigé","","44","","https://www.oppy.ai/qui-sommes-nous/allmysms"
"https://www.oppy.ai/wp-content/uploads/uag-plugin/assets/2000/uag-js-2108.js?ver=1774194375","application/javascript","200","OK","Indexable","","","91","","https://www.oppy.ai/wp-content/uploads/uag-plugin/assets/2000/uag-js-2108.js?ver=1774194375"
"https://www.oppy.ai/wp-content/uploads/uag-plugin/assets/2000/uag-css-2108.css?ver=1774194375","text/css","200","OK","Indexable","","","93","","https://www.oppy.ai/wp-content/uploads/uag-plugin/assets/2000/uag-css-2108.css?ver=1774194375"
"https://www.oppy.ai/videobot/allmysms","text/html; charset=UTF-8","301","Moved Permanently","Non indexable","Redirigé","","37","","https://www.oppy.ai/videobot/allmysms"
"https://www.oppy.ai/rcs-cas-usage/allmysms","text/html; charset=UTF-8","301","Moved Permanently","Non indexable","Redirigé","","42","","https://www.oppy.ai/rcs-cas-usage/allmysms"
"https://www.oppy.ai/wp-content/uploads/uag-plugin/assets/0/uag-css-320.css?ver=1774194375","text/css","200","OK","Indexable","","","89","","https://www.oppy.ai/wp-content/uploads/uag-plugin/assets/0/uag-css-320.css?ver=1774194375"
"https://www.oppy.ai/module-rendez-vous/allmysms","text/html; charset=UTF-8","301","Moved Permanently","Non indexable","Redirigé","","47","","https://www.oppy.ai/module-rendez-vous/allmysms"
"https://www.oppy.ai/wp-content/uploads/uag-plugin/assets/0/uag-js-320.js?ver=1774194375","application/javascript","200","OK","Indexable","","","87","","https://www.oppy.ai/wp-content/uploads/uag-plugin/assets/0/uag-js-320.js?ver=1774194375"
"https://www.oppy.ai/wp-content/uploads/uag-plugin/assets/2000/uag-js-2120.js?ver=1774194374","application/javascript","200","OK","Indexable","","","91","","https://www.oppy.ai/wp-content/uploads/uag-plugin/assets/2000/uag-js-2120.js?ver=1774194374"
"https://www.oppy.ai/acquisition/allmysms","text/html; charset=UTF-8","301","Moved Permanently","Non indexable","Redirigé","","40","","https://www.oppy.ai/acquisition/allmysms"
"https://www.oppy.ai/wp-content/uploads/uag-plugin/assets/2000/uag-css-2120.css?ver=1774194374","text/css","200","OK","Indexable","","","93","","https://www.oppy.ai/wp-content/uploads/uag-plugin/assets/2000/uag-css-2120.css?ver=1774194374"
"https://www.oppy.ai/wp-content/uploads/2025/11/outils-fidelisation-client.png","image/png","200","OK","Indexable","","","77","","https://www.oppy.ai/wp-content/uploads/2025/11/outils-fidelisation-client.png"
"https://www.oppy.ai/wp-content/plugins/ultimate-addons-for-gutenberg/assets/js/post.min.js?ver=2.19.10","application/javascript","200","OK","Indexable","","","102","","https://www.oppy.ai/wp-content/plugins/ultimate-addons-for-gutenberg/assets/js/post.min.js?ver=2.19.10"
"https://www.oppy.ai/touch-and-pay/allmysms","text/html; charset=UTF-8","301","Moved Permanently","Non indexable","Redirigé","","42","","https://www.oppy.ai/touch-and-pay/allmysms"
"https://www.oppy.ai/wp-content/uploads/2026/01/service-client-proactif.png","image/png","200","OK","Indexable","","","74","","https://www.oppy.ai/wp-content/uploads/2026/01/service-client-proactif.png"
"https://www.oppy.ai/wp-content/uploads/2026/01/cout-agent-ia-vocal.png","image/png","200","OK","Indexable","","","70","","https://www.oppy.ai/wp-content/uploads/2026/01/cout-agent-ia-vocal.png"
"https://www.oppy.ai/wp-content/uploads/2026/01/parcours-client-digital.png","image/png","200","OK","Indexable","","","74","","https://www.oppy.ai/wp-content/uploads/2026/01/parcours-client-digital.png"
"https://www.oppy.ai/parcours-client-digital/","text/html; charset=UTF-8","200","OK","Non indexable","Canonisé","81f440ffe582e469f13655430a9f2862","44","https://opportunity-crm.com/parcours-client-digital/","https://www.oppy.ai/parcours-client-digital/"
"https://www.oppy.ai/cout-agent-ia-vocal/","text/html; charset=UTF-8","200","OK","Non indexable","Canonisé","19de54851475b356c1430fa3b4e8e910","40","https://opportunity-crm.com/cout-agent-ia-vocal/","https://www.oppy.ai/cout-agent-ia-vocal/"
"https://www.oppy.ai/category/telemarketing/","text/html; charset=UTF-8","200","OK","Non indexable","Canonisé","37613ab09d687d98ff53f0f16d7e4e30","43","https://opportunity-crm.com/category/telemarketing/","https://www.oppy.ai/category/telemarketing/"
"https://www.oppy.ai/blog/page/2/","text/html; charset=UTF-8","200","OK","Non indexable","Canonisé","4f5ecd3b06f4364f0fecd0eddcbc2cee","32","https://www.opportunity-crm.com/blog/","https://www.oppy.ai/blog/page/2/"
"https://www.oppy.ai/service-client-proactif/","text/html; charset=UTF-8","200","OK","Indexable","","5d9416c74203fe0fce3eca743029bc86","44","https://www.oppy.ai/service-client-proactif/","https://www.oppy.ai/service-client-proactif/"
"https://www.oppy.ai/wp-content/uploads/2026/03/OPPORTUNITY_0002.png","image/png","200","OK","Indexable","","","67","","https://www.oppy.ai/wp-content/uploads/2026/03/OPPORTUNITY_0002.png"
"https://www.oppy.ai/rcs-e-commerce/","text/html; charset=UTF-8","200","OK","Indexable","","2acb9657a52ade6ce520ce70e08d6241","35","https://www.oppy.ai/rcs-e-commerce/","https://www.oppy.ai/rcs-e-commerce/"
"https://www.oppy.ai/wp-content/uploads/2025/11/RCS-e-commerce.png","image/png","200","OK","Indexable","","","65","","https://www.oppy.ai/wp-content/uploads/2025/11/RCS-e-commerce.png"
"https://www.oppy.ai/wp-content/uploads/2025/11/ia-conversationnelle-retail-.png","image/png","200","OK","Indexable","","","79","","https://www.oppy.ai/wp-content/uploads/2025/11/ia-conversationnelle-retail-.png"
"https://www.oppy.ai/category/categorie-agent-ia-vocal/","text/html; charset=UTF-8","200","OK","Non indexable","Canonisé","24f3eaca72f8035f873070b083bb1c19","54","https://oppy.ai/category/categorie-agent-ia-vocal/","https://www.oppy.ai/category/categorie-agent-ia-vocal/"
"https://www.oppy.ai/blog/allmysms","text/html; charset=UTF-8","301","Moved Permanently","Non indexable","Redirigé","","33","","https://www.oppy.ai/blog/allmysms"
"https://www.oppy.ai/wp-content/uploads/2026/01/joignabilite.png","image/png","200","OK","Indexable","","","63","","https://www.oppy.ai/wp-content/uploads/2026/01/joignabilite.png"
"https://www.oppy.ai/author/a-abdelrahmanoppycx-com/","text/html; charset=UTF-8","200","OK","Non indexable","noindex","aed3fb7302afbf5cc7349a9ce14a08e1","51","","https://www.oppy.ai/author/a-abdelrahmanoppycx-com/"
"https://www.oppy.ai/joignabilite/","text/html; charset=UTF-8","200","OK","Non indexable","Canonisé","58683cc6bd1995abf12f692905c6870d","33","https://opportunity-crm.com/joignabilite/","https://www.oppy.ai/joignabilite/"
"https://www.oppy.ai/category/concours/","text/html; charset=UTF-8","200","OK","Indexable","","5d086597c31d0be4be5646e92f8ec2ff","38","https://www.oppy.ai/category/concours/","https://www.oppy.ai/category/concours/"
"https://www.oppy.ai/satisfaction-client/","text/html; charset=UTF-8","200","OK","Non indexable","Canonisé","23bd8c2074b0626724eff91139ff08ad","40","https://opportunity-crm.com/satisfaction-client/","https://www.oppy.ai/satisfaction-client/"
"https://www.oppy.ai/wp-content/uploads/2026/01/satisfaction-client.png","image/png","200","OK","Indexable","","","70","","https://www.oppy.ai/wp-content/uploads/2026/01/satisfaction-client.png"
"https://www.oppy.ai/kpi-service-client/","text/html; charset=UTF-8","200","OK","Indexable","","e17f771d20b9e9229674011f1a4c1ae","39","https://www.oppy.ai/kpi-service-client/","https://www.oppy.ai/kpi-service-client/"
"https://www.oppy.ai/outils-fidelisation-client/","text/html; charset=UTF-8","200","OK","Non indexable","Canonisé","ff7200e58d2d56c5283e121d04457ef0","47","https://opportunity-crm.com/outils-fidelisation-client/","https://www.oppy.ai/outils-fidelisation-client/"
"https://www.oppy.ai/blog/page/3/","text/html; charset=UTF-8","200","OK","Non indexable","Canonisé","e3a3b840eb1f853438bca260398ae04e","32","https://www.opportunity-crm.com/blog/","https://www.oppy.ai/blog/page/3/"
"https://www.oppy.ai/dites-oui-et-cest-signe-apres-la-signature-electronique-la-signature-vocale-disrupte-lexperience-client/","text/html; charset=UTF-8","200","OK","Non indexable","Canonisé","9eabe01ab3a00120258a89e544bb0a61","124","https://opportunity-crm.com/dites-oui-et-cest-signe-apres-la-signature-electronique-la-signature-vocale-disrupte-lexperience-client/","https://www.oppy.ai/dites-oui-et-cest-signe-apres-la-signature-electronique-la-signature-vocale-disrupte-lexperience-client/"
"https://www.oppy.ai/author/opportunity/","text/html; charset=UTF-8","200","OK","Non indexable","noindex","b1fe55d70c6584ae34b3842d7cb5e51c","39","","https://www.oppy.ai/author/opportunity/"
"https://www.oppy.ai/drive-to-store/","text/html; charset=UTF-8","200","OK","Non indexable","Canonisé","5a2b55b3c1fdf71c2d1cd88570d8a0da","35","https://opportunity-crm.com/drive-to-store/","https://www.oppy.ai/drive-to-store/"
"https://www.oppy.ai/chatbot-support-client/","text/html; charset=UTF-8","200","OK","Non indexable","Canonisé","2772c715f1e74915a3f4040c877226aa","43","https://www.opportunity-crm.com/chatbot-support-client/","https://www.oppy.ai/chatbot-support-client/"
"https://www.oppy.ai/voice-commerce/","text/html; charset=UTF-8","200","OK","Indexable","","4b6a4d5c578248544d7838ac9d9cf855","35","https://www.oppy.ai/voice-commerce/","https://www.oppy.ai/voice-commerce/"
"https://www.oppy.ai/category/categorie-marketing-relationnel/categorie-rcs/","text/html; charset=UTF-8","200","OK","Indexable","","6dfbe152d668026b20be21525145ea71","75","https://www.oppy.ai/category/categorie-marketing-relationnel/categorie-rcs/","https://www.oppy.ai/category/categorie-marketing-relationnel/categorie-rcs/"
"https://www.oppy.ai/wp-content/uploads/2025/11/KPI-service-client.png","image/png","200","OK","Indexable","","","69","","https://www.oppy.ai/wp-content/uploads/2025/11/KPI-service-client.png"
"https://www.oppy.ai/category/categorie-joignabilite/","text/html; charset=UTF-8","200","OK","Indexable","","c924029dfdc23e1611f569cdb1eeff50","52","https://www.oppy.ai/category/categorie-joignabilite/","https://www.oppy.ai/category/categorie-joignabilite/"
"https://www.oppy.ai/rg/","text/html; charset=UTF-8","200","OK","Non indexable","Canonisé","b2afd31bf52080d9c605f90247e590f0","23","https://opportunity-crm.com/rg/","https://www.oppy.ai/rg/"
"https://www.oppy.ai/wp-content/uploads/2025/12/rendez-vous-ia.png","image/png","200","OK","Indexable","","","65","","https://www.oppy.ai/wp-content/uploads/2025/12/rendez-vous-ia.png"
"https://www.oppy.ai/exemple-message-marketing/","text/html; charset=UTF-8","200","OK","Indexable","","8483dd88a4bc421674011bd08b61b733","46","https://www.oppy.ai/exemple-message-marketing/","https://www.oppy.ai/exemple-message-marketing/"
"https://www.oppy.ai/category/fidelisation-client/","text/html; charset=UTF-8","200","OK","Indexable","","382a50a4391617b4a8c19548c9b20fd4","49","https://www.oppy.ai/category/fidelisation-client/","https://www.oppy.ai/category/fidelisation-client/"
"https://www.oppy.ai/blog/page/4/","text/html; charset=UTF-8","200","OK","Non indexable","Canonisé","8dfe9f0f739d3e06910e12924728acca","32","https://www.opportunity-crm.com/blog/","https://www.oppy.ai/blog/page/4/"
"https://www.oppy.ai/category/categorie-experience-client/","text/html; charset=UTF-8","200","OK","Indexable","","d1ba331093825985ea8ab6f23b97d5c","57","https://www.oppy.ai/category/categorie-experience-client/","https://www.oppy.ai/category/categorie-experience-client/"
"https://www.oppy.ai/wp-content/uploads/uag-plugin/assets/5000/uag-css-4589.css?ver=1774194374","text/css","200","OK","Indexable","","","93","","https://www.oppy.ai/wp-content/uploads/uag-plugin/assets/5000/uag-css-4589.css?ver=1774194374"
"https://www.oppy.ai/wp-content/uploads/2025/11/voice-commerce.png","image/png","200","OK","Indexable","","","65","","https://www.oppy.ai/wp-content/uploads/2025/11/voice-commerce.png"
"https://www.oppy.ai/wp-content/uploads/2026/03/freepik__dynamic-tennis-ball-flying-over-roland-garros-clay__13548-2-1.png","image/png","200","OK","Indexable","","","121","","https://www.oppy.ai/wp-content/uploads/2026/03/freepik__dynamic-tennis-ball-flying-over-roland-garros-clay__13548-2-1.png"
"https://www.oppy.ai/category/chatbot/","text/html; charset=UTF-8","200","OK","Indexable","","971f2d3f8f74ed6da5fd281e94ffffb1","37","https://www.oppy.ai/category/chatbot/","https://www.oppy.ai/category/chatbot/"
"https://www.oppy.ai/ia-conversationnelle-retail/","text/html; charset=UTF-8","200","OK","Indexable","","da36c9bceb305c9d4bf20788c482fdd8","48","https://www.oppy.ai/ia-conversationnelle-retail/","https://www.oppy.ai/ia-conversationnelle-retail/"
"https://www.oppy.ai/wp-content/uploads/2025/10/chatbot-support-client.png","image/png","200","OK","Indexable","","","73","","https://www.oppy.ai/wp-content/uploads/2025/10/chatbot-support-client.png"
"https://www.oppy.ai/wp-content/uploads/2025/12/exemple-message-marketing.png","image/png","200","OK","Indexable","","","76","","https://www.oppy.ai/wp-content/uploads/2025/12/exemple-message-marketing.png"
"https://www.oppy.ai/rendez-vous-ia/","text/html; charset=UTF-8","200","OK","Non indexable","Canonisé","d7a3d6d766ba0ebecd7e739e55150058","35","https://opportunity-crm.com/rendez-vous-ia/","https://www.oppy.ai/rendez-vous-ia/"
"https://www.oppy.ai/wp-content/uploads/2025/12/drive-to-store.png","image/png","200","OK","Indexable","","","65","","https://www.oppy.ai/wp-content/uploads/2025/12/drive-to-store.png"
"https://www.oppy.ai/wp-content/uploads/uag-plugin/assets/2000/uag-js-2110.js?ver=1774194373","application/javascript","200","OK","Indexable","","","91","","https://www.oppy.ai/wp-content/uploads/uag-plugin/assets/2000/uag-js-2110.js?ver=1774194373"
"https://www.oppy.ai/rcs-essai-gratuit","text/html; charset=UTF-8","301","Moved Permanently","Non indexable","Redirigé","","37","","https://www.oppy.ai/rcs-essai-gratuit"
"https://www.oppy.ai/author/anaelle-boulard2gmail-com/","text/html; charset=UTF-8","200","OK","Non indexable","noindex","f0648fa8b6ef131eb4ff087236103287","53","","https://www.oppy.ai/author/anaelle-boulard2gmail-com/"
"https://www.oppy.ai/wp-content/uploads/uag-plugin/assets/2000/uag-css-2110.css?ver=1774194373","text/css","200","OK","Indexable","","","93","","https://www.oppy.ai/wp-content/uploads/uag-plugin/assets/2000/uag-css-2110.css?ver=1774194373"
"https://oppy.ai/wp-content/themes/kadence/assets/js/navigation.min.js?ver=1.2.26","application/javascript","200","OK","Indexable","","","80","","https://oppy.ai/wp-content/themes/kadence/assets/js/navigation.min.js?ver=1.2.26"
"https://oppy.ai/wp-content/themes/kadence-child/css/cookie-banner.css?ver=1742804641","text/css","200","OK","Indexable","","","84","","https://oppy.ai/wp-content/themes/kadence-child/css/cookie-banner.css?ver=1742804641"
"https://www.oppy.ai/signature-vocale/allmysms","text/html; charset=UTF-8","301","Moved Permanently","Non indexable","Redirigé","","45","","https://www.oppy.ai/signature-vocale/allmysms"
"https://oppy.ai/wp-content/themes/kadence/style.css?ver=bab062fd42cb01a60133b38393d88267","text/css","200","OK","Indexable","","","88","","https://oppy.ai/wp-content/themes/kadence/style.css?ver=bab062fd42cb01a60133b38393d88267"
"https://www.oppy.ai/category/categorie-marketing-relationnel/","text/html; charset=UTF-8","200","OK","Indexable","","58378db3a3758808dc55065692e3185","61","https://www.oppy.ai/category/categorie-marketing-relationnel/","https://www.oppy.ai/category/categorie-marketing-relationnel/"
"https://oppy.ai/wp-content/plugins/contact-form-7/includes/css/styles.css?ver=6.1","text/css","200","OK","Indexable","","","81","","https://oppy.ai/wp-content/plugins/contact-form-7/includes/css/styles.css?ver=6.1"
"https://www.oppy.ai/quality-monitoring-definition/","text/html; charset=UTF-8","200","OK","Non indexable","Canonisé","5ee6f0a09aa30b3f003580bd30a7834f","50","https://oppy.ai/quality-monitoring-definition/","https://www.oppy.ai/quality-monitoring-definition/"
"https://oppy.ai/wp-content/plugins/contact-form-7/includes/js/index.js?ver=6.1","application/javascript","200","OK","Indexable","","","78","","https://oppy.ai/wp-content/plugins/contact-form-7/includes/js/index.js?ver=6.1"
"https://oppy.ai/signature-vocale","text/html; charset=UTF-8","301","Moved Permanently","Non indexable","Redirigé","","32","","https://oppy.ai/signature-vocale"
"https://oppy.ai/retention-et-paiement","text/html; charset=UTF-8","301","Moved Permanently","Non indexable","Redirigé","","37","","https://oppy.ai/retention-et-paiement"
"https://oppy.ai/wp-content/plugins/ultimate-addons-for-gutenberg/assets/js/spectra-block-positioning.min.js?ver=2.19.10","application/javascript","200","OK","Indexable","","","119","","https://oppy.ai/wp-content/plugins/ultimate-addons-for-gutenberg/assets/js/spectra-block-positioning.min.js?ver=2.19.10"
"https://oppy.ai/wp-content/plugins/gutenberg/build/block-library/style.css?ver=21.0.0","text/css","200","OK","Indexable","","","85","","https://oppy.ai/wp-content/plugins/gutenberg/build/block-library/style.css?ver=21.0.0"
"https://oppy.ai/allmysms","text/html; charset=UTF-8","301","Moved Permanently","Non indexable","Redirigé","","24","","https://oppy.ai/allmysms"
"https://oppy.ai/wp-content/themes/kadence-child/js/contact-form-country.js?ver=1743764502","application/javascript","200","OK","Indexable","","","89","","https://oppy.ai/wp-content/themes/kadence-child/js/contact-form-country.js?ver=1743764502"
"https://oppy.ai/wp-content/themes/kadence-child/css/audio-bar.css?ver=1.0.0","text/css","200","OK","Indexable","","","75","","https://oppy.ai/wp-content/themes/kadence-child/css/audio-bar.css?ver=1.0.0"
"https://oppy.ai/wp-content/plugins/contact-form-7/includes/swv/js/index.js?ver=6.1","application/javascript","200","OK","Indexable","","","82","","https://oppy.ai/wp-content/plugins/contact-form-7/includes/swv/js/index.js?ver=6.1"
"https://oppy.ai/gestion-des-cookies/","text/html; charset=UTF-8","200","OK","Non indexable","Canonisé","a5e5284b2e55ac0ae354768dfeebdd6c","36","https://oppycx.com/gestion-des-cookies/","https://oppy.ai/gestion-des-cookies/"
"https://oppy.ai/mentions-legales/allmysms","text/html; charset=UTF-8","301","Moved Permanently","Non indexable","Redirigé","","41","","https://oppy.ai/mentions-legales/allmysms"
"https://oppy.ai/","text/html; charset=UTF-8","200","OK","Non indexable","Canonisé","dd1bb2b4f89cde79147ac869460f78a2","16","https://opportunity-crm.com/","https://oppy.ai/"
"https://oppy.ai/wp-content/themes/kadence-child/images/logo-opportunity-rvb.png","image/png","200","OK","Indexable","","","79","","https://oppy.ai/wp-content/themes/kadence-child/images/logo-opportunity-rvb.png"
"https://oppy.ai/touch-and-pay","text/html; charset=UTF-8","301","Moved Permanently","Non indexable","Redirigé","","29","","https://oppy.ai/touch-and-pay"
"https://oppy.ai/rcs-message","text/html; charset=UTF-8","301","Moved Permanently","Non indexable","Redirigé","","27","","https://oppy.ai/rcs-message"
"https://oppy.ai/wp-content/uploads/uag-plugin/assets/0/uag-css-80.css?ver=1774194373","text/css","200","OK","Indexable","","","84","","https://oppy.ai/wp-content/uploads/uag-plugin/assets/0/uag-css-80.css?ver=1774194373"
"https://oppy.ai/wp-content/themes/kadence-child/js/cookie-banner.js?ver=1742804641","application/javascript","200","OK","Indexable","","","82","","https://oppy.ai/wp-content/themes/kadence-child/js/cookie-banner.js?ver=1742804641"
"https://oppy.ai/wp-content/themes/kadence-child/style.css?ver=bab062fd42cb01a60133b38393d88267","text/css","200","OK","Indexable","","","94","","https://oppy.ai/wp-content/themes/kadence-child/style.css?ver=bab062fd42cb01a60133b38393d88267"
"https://oppy.ai/wp-content/themes/kadence-child/js/custom-header.js","application/javascript","200","OK","Indexable","","","67","","https://oppy.ai/wp-content/themes/kadence-child/js/custom-header.js"
"https://oppy.ai/wp-content/themes/kadence/assets/css/global.min.css?ver=1.2.26","text/css","200","OK","Indexable","","","78","","https://oppy.ai/wp-content/themes/kadence/assets/css/global.min.css?ver=1.2.26"
"https://oppy.ai/wp-content/themes/kadence-child/js/audio-bar.js?ver=1.0.0","application/javascript","200","OK","Indexable","","","73","","https://oppy.ai/wp-content/themes/kadence-child/js/audio-bar.js?ver=1.0.0"
"https://oppy.ai/wp-content/plugins/contact-form-7/modules/recaptcha/index.js?ver=6.1","application/javascript","200","OK","Indexable","","","84","","https://oppy.ai/wp-content/plugins/contact-form-7/modules/recaptcha/index.js?ver=6.1"
"https://oppy.ai/contactez-nous","text/html; charset=UTF-8","301","Moved Permanently","Non indexable","Redirigé","","30","","https://oppy.ai/contactez-nous"
"https://oppy.ai/wp-content/themes/kadence/assets/css/header.min.css?ver=1.2.26","text/css","200","OK","Indexable","","","78","","https://oppy.ai/wp-content/themes/kadence/assets/css/header.min.css?ver=1.2.26"
"https://oppy.ai/wp-includes/js/jquery/jquery-migrate.min.js?ver=3.4.1","application/javascript","200","OK","Indexable","","","69","","https://oppy.ai/wp-includes/js/jquery/jquery-migrate.min.js?ver=3.4.1"
"https://oppy.ai/wp-includes/js/jquery/jquery.min.js?ver=3.7.1","application/javascript","200","OK","Indexable","","","61","","https://oppy.ai/wp-includes/js/jquery/jquery.min.js?ver=3.7.1"
"https://oppy.ai/wp-content/plugins/gutenberg/build/i18n/index.min.js?ver=bd5a2533e717a1043151","application/javascript","200","OK","Indexable","","","93","","https://oppy.ai/wp-content/plugins/gutenberg/build/i18n/index.min.js?ver=bd5a2533e717a1043151"
"https://oppy.ai/wp-content/themes/kadence/assets/css/footer.min.css?ver=1.2.26","text/css","200","OK","Indexable","","","78","","https://oppy.ai/wp-content/themes/kadence/assets/css/footer.min.css?ver=1.2.26"
"https://oppy.ai/acquisition","text/html; charset=UTF-8","301","Moved Permanently","Non indexable","Redirigé","","27","","https://oppy.ai/acquisition"
"https://oppy.ai/wp-content/plugins/ultimate-addons-for-gutenberg/assets/css/spectra-block-positioning.min.css?ver=2.19.10","text/css","200","OK","Indexable","","","121","","https://oppy.ai/wp-content/plugins/ultimate-addons-for-gutenberg/assets/css/spectra-block-positioning.min.css?ver=2.19.10"
"https://oppy.ai/wp-content/plugins/wp-statistics/assets/js/tracker.js?ver=14.15.1","application/javascript","200","OK","Indexable","","","81","","https://oppy.ai/wp-content/plugins/wp-statistics/assets/js/tracker.js?ver=14.15.1"
"https://oppy.ai/module-rendez-vous","text/html; charset=UTF-8","301","Moved Permanently","Non indexable","Redirigé","","34","","https://oppy.ai/module-rendez-vous"
"https://oppy.ai/wp-content/plugins/kadence-blocks/dist/style-blocks-rowlayout.css?ver=3.5.11","text/css","200","OK","Indexable","","","92","","https://oppy.ai/wp-content/plugins/kadence-blocks/dist/style-blocks-rowlayout.css?ver=3.5.11"
"https://oppy.ai/notre-plateforme","text/html; charset=UTF-8","301","Moved Permanently","Non indexable","Redirigé","","32","","https://oppy.ai/notre-plateforme"
"https://oppy.ai/wp-content/themes/kadence-child/css/block-call-to-action.css?ver=1.0.0","text/css","200","OK","Indexable","","","86","","https://oppy.ai/wp-content/themes/kadence-child/css/block-call-to-action.css?ver=1.0.0"
"https://oppy.ai/agent-ia-vocal","text/html; charset=UTF-8","301","Moved Permanently","Non indexable","Redirigé","","30","","https://oppy.ai/agent-ia-vocal"
"https://oppy.ai/wp-content/plugins/kadence-blocks/dist/style-blocks-column.css?ver=3.5.11","text/css","200","OK","Indexable","","","89","","https://oppy.ai/wp-content/plugins/kadence-blocks/dist/style-blocks-column.css?ver=3.5.11"
"https://oppy.ai/wp-content/themes/kadence/assets/css/content.min.css?ver=1.2.26","text/css","200","OK","Indexable","","","79","","https://oppy.ai/wp-content/themes/kadence/assets/css/content.min.css?ver=1.2.26"
"https://oppy.ai/wp-includes/js/dist/vendor/wp-polyfill.min.js?ver=3.15.0","application/javascript","200","OK","Indexable","","","72","","https://oppy.ai/wp-includes/js/dist/vendor/wp-polyfill.min.js?ver=3.15.0"
"https://oppy.ai/blog","text/html; charset=UTF-8","301","Moved Permanently","Non indexable","Redirigé","","20","","https://oppy.ai/blog"
"https://oppy.ai/qui-sommes-nous","text/html; charset=UTF-8","301","Moved Permanently","Non indexable","Redirigé","","31","","https://oppy.ai/qui-sommes-nous"
"https://oppy.ai/wp-content/plugins/gutenberg/build/hooks/index.min.js?ver=84e753e2b66eb7028d38","application/javascript","200","OK","Indexable","","","94","","https://oppy.ai/wp-content/plugins/gutenberg/build/hooks/index.min.js?ver=84e753e2b66eb7028d38"
"https://oppy.ai/sms-email","text/html; charset=UTF-8","301","Moved Permanently","Non indexable","Redirigé","","25","","https://oppy.ai/sms-email"
"https://oppy.ai/relation-clients","text/html; charset=UTF-8","301","Moved Permanently","Non indexable","Redirigé","","32","","https://oppy.ai/relation-clients"
"https://oppy.ai/rcs-cas-usage","text/html; charset=UTF-8","301","Moved Permanently","Non indexable","Redirigé","","29","","https://oppy.ai/rcs-cas-usage"
"https://oppy.ai/videobot","text/html; charset=UTF-8","301","Moved Permanently","Non indexable","Redirigé","","24","","https://oppy.ai/videobot"
"https://oppy.ai/politique-de-confidentialite/","text/html; charset=UTF-8","200","OK","Non indexable","Canonisé","921f18875c8edcc01f1428465467d56c","45","https://oppycx.fr/politique-de-confidentialite/","https://oppy.ai/politique-de-confidentialite/"
"https://www.oppy.ai/agent-vocal-ia/","text/html; charset=UTF-8","200","OK","Indexable","","f77058510f32e1267062303ed2e2308b","35","https://www.oppy.ai/agent-vocal-ia/","https://www.oppy.ai/agent-vocal-ia/"
"https://www.oppy.ai/relation-client-omnicanale/","text/html; charset=UTF-8","200","OK","Indexable","","ece2413ffbcae6bf4d0cbdcf80cdea8f","47","https://www.oppy.ai/relation-client-omnicanale/","https://www.oppy.ai/relation-client-omnicanale/"
"https://www.oppy.ai/rcs-marketing/","text/html; charset=UTF-8","200","OK","Indexable","","623d7c8db0cc2be10ea9c7186b978950","34","https://www.oppy.ai/rcs-marketing/","https://www.oppy.ai/rcs-marketing/"
"https://www.oppy.ai/ia-relation-client/","text/html; charset=UTF-8","200","OK","Non indexable","Canonisé","ec861aed9899a4708f9b3362cc4addfc","39","https://oppycx.com/ia-relation-client/","https://www.oppy.ai/ia-relation-client/"
"https://www.oppy.ai/wp-content/uploads/uag-plugin/assets/5000/uag-css-4589.css?ver=1774194384","text/html; charset=UTF-8","302","Found","Non indexable","Redirigé","","93","","https://www.oppy.ai/wp-content/uploads/uag-plugin/assets/5000/uag-css-4589.css?ver=1774194384"
"https://www.oppy.ai/e-commerce-marketing-conversationnel/","text/html; charset=UTF-8","200","OK","Non indexable","Canonisé","1f5ee8c0f20807bebc3ac267effbdf21","57","https://oppycx.com/e-commerce-marketing-conversationnel/","https://www.oppy.ai/e-commerce-marketing-conversationnel/"
"https://www.oppy.ai/wp-content/uploads/2025/09/prospection-telephonique.png","image/png","200","OK","Indexable","","","75","","https://www.oppy.ai/wp-content/uploads/2025/09/prospection-telephonique.png"
"https://www.oppy.ai/wp-content/uploads/2025/10/relation-client-omnicanale.png","image/png","200","OK","Indexable","","","77","","https://www.oppy.ai/wp-content/uploads/2025/10/relation-client-omnicanale.png"
"https://www.oppy.ai/ia-conversationnelle/","text/html; charset=UTF-8","200","OK","Non indexable","Canonisé","b6218f8ac74c6a1e000b10e8cdfda428","41","https://www.oppycx.com/ia-conversationnelle/","https://www.oppy.ai/ia-conversationnelle/"
"https://www.oppy.ai/automatiser-relation-client/","text/html; charset=UTF-8","200","OK","Non indexable","Canonisé","3a5673213c02302173f4a950fbc8502b","48","https://opportunity-crm.com/automatiser-relation-client/","https://www.oppy.ai/automatiser-relation-client/"
"https://www.oppy.ai/wp-content/uploads/2025/09/RCS-marketing.png","image/png","200","OK","Indexable","","","64","","https://www.oppy.ai/wp-content/uploads/2025/09/RCS-marketing.png"
"https://www.oppy.ai/wp-content/uploads/2025/09/experience-client-e-commerce-copie.png","image/png","200","OK","Indexable","","","85","","https://www.oppy.ai/wp-content/uploads/2025/09/experience-client-e-commerce-copie.png"
"https://www.oppy.ai/wp-content/uploads/2025/09/ia-conversationnelle.png","image/png","200","OK","Indexable","","","71","","https://www.oppy.ai/wp-content/uploads/2025/09/ia-conversationnelle.png"
"https://www.oppy.ai/wp-content/uploads/2025/08/agent-vocal-ia.png","image/png","200","OK","Indexable","","","65","","https://www.oppy.ai/wp-content/uploads/2025/08/agent-vocal-ia.png"
"https://www.oppy.ai/wp-content/uploads/2025/09/ia-relation-client.png","image/png","200","OK","Indexable","","","69","","https://www.oppy.ai/wp-content/uploads/2025/09/ia-relation-client.png"
"https://www.oppy.ai/prospection-telephonique/","text/html; charset=UTF-8","200","OK","Indexable","","9b616396997bf58a1c003f67ba72d96e","45","https://www.oppy.ai/prospection-telephonique/","https://www.oppy.ai/prospection-telephonique/"
"https://www.oppy.ai/wp-content/uploads/2025/10/anticiper-les-besoins-de-vos-clients.png","image/png","200","OK","Indexable","","","87","","https://www.oppy.ai/wp-content/uploads/2025/10/anticiper-les-besoins-de-vos-clients.png"
"https://www.oppy.ai/blog/page/2/allmysms","text/html; charset=UTF-8","302","Found","Non indexable","Redirigé","","40","","https://www.oppy.ai/blog/page/2/allmysms"
"https://www.oppy.ai/wp-content/uploads/2026/03/OPPORTUNITY_0002-768x391.png","image/png","200","OK","Indexable","","","75","","https://www.oppy.ai/wp-content/uploads/2026/03/OPPORTUNITY_0002-768x391.png"
"https://www.oppy.ai/wp-content/uploads/uag-plugin/assets/0/uag-css-32.css?ver=1774194384","text/css","200","OK","Indexable","","","88","","https://www.oppy.ai/wp-content/uploads/uag-plugin/assets/0/uag-css-32.css?ver=1774194384"
"https://www.oppy.ai/communication-commerciale/","text/html; charset=UTF-8","200","OK","Indexable","","f3a790012b4528fb3375771619c7532a","46","https://www.oppy.ai/communication-commerciale/","https://www.oppy.ai/communication-commerciale/"
"https://www.oppy.ai/anticiper-les-besoins-des-clients/","text/html; charset=UTF-8","200","OK","Non indexable","Canonisé","bff680ed1223956eb6194891d76c944b","54","https://oppycx.com/anticiper-les-besoins-des-clients/","https://www.oppy.ai/anticiper-les-besoins-des-clients/"
"https://www.oppy.ai/experience-client-e-commerce/","text/html; charset=UTF-8","200","OK","Indexable","","f811ab89b85a23a95724cbd8e04cb32a","49","https://www.oppy.ai/experience-client-e-commerce/","https://www.oppy.ai/experience-client-e-commerce/"
"https://www.oppy.ai/wp-content/uploads/uag-plugin/assets/10000/uag-css-10351.css?ver=1774194384","text/css","200","OK","Indexable","","","95","","https://www.oppy.ai/wp-content/uploads/uag-plugin/assets/10000/uag-css-10351.css?ver=1774194384"
"https://www.oppy.ai/category/telemarketing/allmysms","text/html; charset=UTF-8","302","Found","Non indexable","Redirigé","","51","","https://www.oppy.ai/category/telemarketing/allmysms"
"https://www.oppy.ai/cout-agent-ia-vocal/allmysms","text/html; charset=UTF-8","301","Moved Permanently","Non indexable","Redirigé","","48","","https://www.oppy.ai/cout-agent-ia-vocal/allmysms"
"https://www.oppy.ai/parcours-client-digital/allmysms","text/html; charset=UTF-8","301","Moved Permanently","Non indexable","Redirigé","","52","","https://www.oppy.ai/parcours-client-digital/allmysms"
"https://www.oppy.ai/wp-content/uploads/uag-plugin/assets/10000/uag-css-10420.css?ver=1774194383","text/css","200","OK","Indexable","","","95","","https://www.oppy.ai/wp-content/uploads/uag-plugin/assets/10000/uag-css-10420.css?ver=1774194383"
"https://www.oppy.ai/wp-content/uploads/uag-plugin/assets/8000/uag-css-7584.css?ver=1774194382","text/css","200","OK","Indexable","","","93","","https://www.oppy.ai/wp-content/uploads/uag-plugin/assets/8000/uag-css-7584.css?ver=1774194382"
"https://www.oppy.ai/rcs-vs-whatsapp/allmysms","text/html; charset=UTF-8","301","Moved Permanently","Non indexable","Redirigé","","44","","https://www.oppy.ai/rcs-vs-whatsapp/allmysms"
"https://www.oppy.ai/wp-content/uploads/uag-plugin/assets/7000/uag-css-7127.css?ver=1774194382","text/css","200","OK","Indexable","","","93","","https://www.oppy.ai/wp-content/uploads/uag-plugin/assets/7000/uag-css-7127.css?ver=1774194382"
"https://www.oppy.ai/leviers-outbound-marketing/allmysms","text/html; charset=UTF-8","301","Moved Permanently","Non indexable","Redirigé","","55","","https://www.oppy.ai/leviers-outbound-marketing/allmysms"
"https://www.oppy.ai/chatbot-e-commerce/","text/html; charset=UTF-8","200","OK","Indexable","","631f1c320c93723e495f1df617f39ab1","39","https://www.oppy.ai/chatbot-e-commerce/","https://www.oppy.ai/chatbot-e-commerce/"
"https://www.oppy.ai/wp-content/uploads/2025/03/Vignette-blog-Oppy-16.png","image/png","200","OK","Indexable","","","72","","https://www.oppy.ai/wp-content/uploads/2025/03/Vignette-blog-Oppy-16.png"
"https://www.oppy.ai/wp-content/uploads/2025/04/Vignette-blog-Oppy-18.png","image/png","200","OK","Indexable","","","72","","https://www.oppy.ai/wp-content/uploads/2025/04/Vignette-blog-Oppy-18.png"
"https://www.oppy.ai/conseillers-agent-ia-vocal/","text/html; charset=UTF-8","200","OK","Non indexable","Canonisé","4f8ff4c2a6cd86eab80494853441f4c4","47","https://opportunity-crm.com/conseillers-agent-ia-vocal/","https://www.oppy.ai/conseillers-agent-ia-vocal/"
"https://www.oppy.ai/wp-content/uploads/2025/07/Vignette-blog-Oppy-19.png","image/png","200","OK","Indexable","","","72","","https://www.oppy.ai/wp-content/uploads/2025/07/Vignette-blog-Oppy-19.png"
"https://www.oppy.ai/wp-content/uploads/2025/01/2.png","image/png","200","OK","Indexable","","","52","","https://www.oppy.ai/wp-content/uploads/2025/01/2.png"
"https://www.oppy.ai/wp-content/uploads/2025/02/Vignette-blog-Oppy-6.png","image/png","200","OK","Indexable","","","71","","https://www.oppy.ai/wp-content/uploads/2025/02/Vignette-blog-Oppy-6.png"
"https://www.oppy.ai/wp-content/uploads/uag-plugin/assets/0/uag-css-11.css?ver=1774194381","text/css","200","OK","Indexable","","","88","","https://www.oppy.ai/wp-content/uploads/uag-plugin/assets/0/uag-css-11.css?ver=1774194381"
"https://www.oppy.ai/generer-leads-whatsapp/","text/html; charset=UTF-8","200","OK","Indexable","","53abc8edd0145f73578b80b8170d4b3d","43","https://www.oppy.ai/generer-leads-whatsapp/","https://www.oppy.ai/generer-leads-whatsapp/"
"https://www.oppy.ai/category/categorie-acquisition/allmysms","text/html; charset=UTF-8","302","Found","Non indexable","Redirigé","","59","","https://www.oppy.ai/category/categorie-acquisition/allmysms"
"https://www.oppy.ai/rcs-messaging-acquisition-client/","text/html; charset=UTF-8","200","OK","Non indexable","Canonisé","ff1438a7d63f38d8274c50b1803cbab7","53","https://oppy.ai/rcs-messaging-acquisition-client/","https://www.oppy.ai/rcs-messaging-acquisition-client/"
"https://www.oppy.ai/wp-content/uploads/2025/06/sms-soldes-dete.png","image/png","200","OK","Indexable","","","66","","https://www.oppy.ai/wp-content/uploads/2025/06/sms-soldes-dete.png"
"https://oppy.ai/category/categorie-acquisition/","text/html; charset=UTF-8","200","OK","Indexable","","ab95336196b90cb4cbc1b96f6e6c2f1","47","https://oppy.ai/category/categorie-acquisition/","https://oppy.ai/category/categorie-acquisition/"
"https://www.oppy.ai/wp-content/uploads/2025/03/Vignette-blog-Oppy-13.png","image/png","200","OK","Indexable","","","72","","https://www.oppy.ai/wp-content/uploads/2025/03/Vignette-blog-Oppy-13.png"
"https://www.oppy.ai/wp-content/themes/kadence-child/images/navigation.png","image/png","200","OK","Indexable","","","73","","https://www.oppy.ai/wp-content/themes/kadence-child/images/navigation.png"
"https://www.oppy.ai/agents-ia-vocaux/","text/html; charset=UTF-8","200","OK","Indexable","","9376722167b6e6594c090def0a5bf02b","37","https://www.oppy.ai/agents-ia-vocaux/","https://www.oppy.ai/agents-ia-vocaux/"
"https://www.oppy.ai/wp-content/themes/kadence-child/images/futur_sms.png","image/png","200","OK","Indexable","","","72","","https://www.oppy.ai/wp-content/themes/kadence-child/images/futur_sms.png"
"https://www.oppy.ai/soldes-ete-augmenter-ventes/","text/html; charset=UTF-8","200","OK","Non indexable","Canonisé","4d4e1135c540709623b93c5759723d48","48","https://oppy.ai/soldes-ete-augmenter-ventes/","https://www.oppy.ai/soldes-ete-augmenter-ventes/"
"https://www.oppy.ai/wp-content/themes/kadence-child/images/header.png","image/png","200","OK","Indexable","","","69","","https://www.oppy.ai/wp-content/themes/kadence-child/images/header.png"
"https://www.oppy.ai/wp-content/themes/kadence-child/js/rcs-demo.js?ver=1751038603","application/javascript","200","OK","Indexable","","","81","","https://www.oppy.ai/wp-content/themes/kadence-child/js/rcs-demo.js?ver=1751038603"
"https://www.oppy.ai/wp-content/uploads/uag-plugin/assets/7000/uag-css-6791.css?ver=1774194380","text/css","200","OK","Indexable","","","93","","https://www.oppy.ai/wp-content/uploads/uag-plugin/assets/7000/uag-css-6791.css?ver=1774194380"
"https://www.oppy.ai/hot-leads-management/","text/html; charset=UTF-8","200","OK","Indexable","","ff7f4fef8602a0d95300d06f8beed6fa","41","https://www.oppy.ai/hot-leads-management/","https://www.oppy.ai/hot-leads-management/"
"https://www.oppy.ai/wp-content/themes/kadence-child/css/rcs-demo.css?ver=1750761902","text/css","200","OK","Indexable","","","83","","https://www.oppy.ai/wp-content/themes/kadence-child/css/rcs-demo.css?ver=1750761902"
"https://www.oppy.ai/rcs-demo/allmysms","text/html; charset=UTF-8","301","Moved Permanently","Non indexable","Redirigé","","37","","https://www.oppy.ai/rcs-demo/allmysms"
"https://www.oppy.ai/politique-de-confidentialite","text/html; charset=UTF-8","301","Moved Permanently","Non indexable","Redirigé","","48","","https://www.oppy.ai/politique-de-confidentialite"
"https://www.oppy.ai/wp-content/uploads/2025/05/sms_2.jpg","image/jpeg","200","OK","Indexable","","","56","","https://www.oppy.ai/wp-content/uploads/2025/05/sms_2.jpg"
"https://www.oppy.ai/wp-content/uploads/2024/09/groupe-de-masques-2-3@1x.png","image/png","200","OK","Indexable","","","75","","https://www.oppy.ai/wp-content/uploads/2024/09/groupe-de-masques-2-3@1x.png"
"https://www.oppy.ai/wp-content/uploads/uag-plugin/assets/6000/uag-css-6447.css?ver=1774194379","text/css","200","OK","Indexable","","","93","","https://www.oppy.ai/wp-content/uploads/uag-plugin/assets/6000/uag-css-6447.css?ver=1774194379"
"https://www.oppy.ai/rcs-vs-sms/allmysms","text/html; charset=UTF-8","301","Moved Permanently","Non indexable","Redirigé","","39","","https://www.oppy.ai/rcs-vs-sms/allmysms"
"https://www.oppy.ai/wp-content/uploads/uag-plugin/assets/6000/uag-js-6008.js?ver=1774194380","text/html; charset=UTF-8","302","Found","Non indexable","Redirigé","","91","","https://www.oppy.ai/wp-content/uploads/uag-plugin/assets/6000/uag-js-6008.js?ver=1774194380"
"https://www.oppy.ai/wp-content/uploads/uag-plugin/assets/6000/uag-css-6008.css?ver=1774194380","text/html; charset=UTF-8","302","Found","Non indexable","Redirigé","","93","","https://www.oppy.ai/wp-content/uploads/uag-plugin/assets/6000/uag-css-6008.css?ver=1774194380"
"https://www.oppy.ai/wp-content/uploads/uag-plugin/assets/7000/uag-css-6519.css?ver=1774194379","text/css","200","OK","Indexable","","","93","","https://www.oppy.ai/wp-content/uploads/uag-plugin/assets/7000/uag-css-6519.css?ver=1774194379"
"https://www.oppy.ai/agent-ia-vocal-taux-contact/allmysms","text/html; charset=UTF-8","301","Moved Permanently","Non indexable","Redirigé","","56","","https://www.oppy.ai/agent-ia-vocal-taux-contact/allmysms"
"https://www.oppy.ai/whatsapp-marketing/","text/html; charset=UTF-8","200","OK","Non indexable","Canonisé","b2db7f70f54aadf6f87e4d45d51e5c18","39","https://oppy.ai/whatsapp-marketing/","https://www.oppy.ai/whatsapp-marketing/"
"https://www.oppy.ai/recouvrement-bancaire/","text/html; charset=UTF-8","200","OK","Indexable","","4c15e1fde74904d33966617e20cff5d","42","https://www.oppy.ai/recouvrement-bancaire/","https://www.oppy.ai/recouvrement-bancaire/"
